name,real_name,full_name,alignment,overall_score,intelligence_score,strength_score,speed_score,durability_score,power_score,combat_score
Colin Wagner,,,Good,-,0,0,0,0,0,0
Cyborg (Sonar Suit),Victor Stone,,Good,10,100,55,55,60,40,60
Morph,Kevin Sydney,Kevin Sydney,Good,-,0,0,0,0,0,0
Johnny Quick,Jonathan Allen,Jonathan Allen,Bad,14,95,40,100,60,100,100
Air-Walker,Gabriel Lan,Gabriel Lan,Bad,15,75,85,100,85,100,40
Nick Fury (MCU),Nicholas Fury,Nicholas Joseph Fury,Good,8,95,15,30,45,35,85
Alien,Xenomorph,Xenomorph,Bad,6,75,30,40,90,55,60
3-D Man,"Delroy Garrett, Jr.","Delroy Garrett, Jr.",Good,6,85,30,60,60,40,70
514A (Gotham),Bruce Wayne,,,10,100,20,30,50,35,100
Abomination,Emil Blonsky,Emil Blonsky,Bad,22,85,100,80,90,100,95
A-Bomb,Richard Milhouse Jones,Richard Milhouse Jones,Good,20,80,100,80,100,100,80
Aa,Aa,,Good,12,80,50,55,45,100,55
Aaron Cash,Aaron Cash,Aaron Cash,Good,5,80,10,25,40,30,50
Aayla Secura,Aayla Secura,,Good,8,90,40,45,55,55,85
Abe Sapien,Abraham Sapien,Abraham Sapien,Good,10,95,30,35,65,100,85
Abin Sur,,,Good,9,75,90,55,65,100,65
Abra Kadabra (CW),Unknown,Unknown,Bad,13,100,10,20,30,100,55
Abra Kadabra,Abhararakadhararbarakh,,Bad,29,100,10,25,70,100,80
Abraxas,Abraxas,Abraxas,Bad,∞,100,100,100,100,100,100
Absorbing Man (MCU),Carl Creel,Carl Creel,Good,8,75,15,30,40,100,85
Absorbing Man,Carl Creel,Carl Creel,Bad,13,70,80,25,100,100,65
A.I.M. Agent,,,Bad,7,90,5,20,25,25,70
Ace Morgan,Kyle Morgan,,,7,85,20,65,55,80,90
Achilles Warkiller,Achilles Warkiller,,Good,19,90,100,75,100,100,100
Acidicus,Acidicus,Acidicus,Neutral,10,75,65,60,50,100,70
A'dal,,,,7,85,30,70,55,65,100
Adam Monroe,,,Good,8,80,10,10,100,100,65
Adam Strange,Adam Strange,Adam Strange,Good,7,90,10,35,40,55,70
Agent 13 (MCU),Sharon Carter,,Good,9,95,20,70,50,45,100
Agent 13,Sharon Carter,Sharon Carter,Good,9,90,55,70,70,65,90
Agent Bob,Bob,Bob,Good,2,60,10,15,5,5,20
Agent Carter,Carter,Margaret Alexandra Carter,Good,8,95,10,15,20,25,75
Agent Coulson (Destroyer Gun),Coulson,,Good,10,100,10,10,10,60,50
Agent Coulson (MCU),Phillip J. Coulson,,Good,8,95,10,25,30,40,75
Agent May (MCU),Melinda May,,Good,7,95,10,25,25,30,60
Agent Zero (FOX),David North,,,6,90,10,25,25,35,80
Agent Zero,Christoph Nord,Christoph Nord,Good,8,90,30,40,80,70,95
Ajax (FOX),Francis,Francis Freeman,,7,85,25,45,75,45,65
Akita,Akita,Akita,Good,5,80,10,45,15,70,70
Alex Danvers (CW),Alex Danvers,,Good,8,95,20,40,55,35,100
Alex Mercer,Alexander J. Mercer,Alexander J. Mercer,Bad,14,75,80,40,90,100,50
Alfred (DCEU),Alfred Pennyworth,,Good,7,95,10,10,10,15,20
Alfred Pennyworth,Alfred Thaddeus Crane Pennyworth,Alfred Thaddeus Crane Pennyworth,Good,5,80,10,15,10,5,55
Amygdala,Aaron Helzinger,,Bad,4,70,30,45,60,55,35
Alita,Alita,,Good,10,95,50,40,100,80,100
All-father Hercules,Hercules,,,50,100,100,100,100,100,100
Allan Quatermain,,,Good,7,80,40,20,75,100,85
Altaïr Ibn-La'Ahad,Altaïr Ibn-La'Ahad,Altaïr Ibn-La'Ahad,Good,8,90,10,40,40,85,100
Alucard,Dracula,,Bad,34,80,70,100,85,100,80
Big Man,Frederick Foswell,Frederick Foswell,Bad,6,90,10,25,30,20,70
Amadeus Cho,Amadeus Cho,,Good,9,100,10,20,20,20,35
Amanda Waller,Amanda Waller,Amanda Blake Waller,Neutral,6,85,40,15,40,70,75
A.M.A.Z.O. (CW),,,,22,90,100,100,100,100,100
Amazo,,,Bad,35,80,100,85,100,100,100
Ammo,,,Bad,-,0,0,0,0,5,0
Anacondrai Serpent,,,Bad,6,35,75,70,70,100,45
Ancalagon,,,,13,85,100,45,80,90,65
Ancient One (MCU),,,Good,37,100,60,85,85,100,60
Ando Masahashi,Ando Masahashi,Ando Masahashi,Good,-,0,0,0,0,0,0
Angel Dust,Christina,Christina,Good,4,70,55,25,40,15,30
Angel Of Death,,,Bad,14,85,30,50,40,100,55
Angel Salvadore (FOX),Angel Salvadore,Angel Salvadore,Bad,3,65,10,60,20,60,55
Angel Salvadore,Angel Salvadore Bohusk,Angel Salvadore Bohusk,Good,4,70,10,30,30,55,60
Angel,Liam,Liam,Good,9,90,30,60,90,100,75
Angela,Aldrif Odinsdottir,Aldrif Odinsdottir,Neutral,15,90,90,70,75,100,90
Animal Man,Bernhard Baker,Bernhard Baker,Good,7,80,50,45,85,75,80
Annabeth Chase (FOX),Annabeth Chase,Annabeth Chase,Good,6,80,30,40,65,45,85
Annihilus,Annihilus,Annihilus,Bad,8,90,80,45,55,60,65
Ant-Man II,Scott Lang,Scott Lang,Good,7,90,20,15,40,55,30
Ant-Man (MCU),Hank Pym,Henry Jonathan Pym,Good,10,100,35,50,60,65,80
Ant-Man,Hank Pym,Henry Jonathan Pym,Good,9,100,20,25,30,30,30
Anti-Monitor,Mobius,,Bad,70,95,100,50,100,100,90
Anti-Spawn,The Redeemer,Jason Wynn,Bad,20,95,100,55,100,100,100
Anti-Venom,Eddie Brock,Edward Charles Allan Brock,,10,90,60,65,90,95,85
Apocalypse (FOX),En Sabah Nur,,,34,90,90,80,95,100,80
Aquababy,"Arthur Curry, Jr.","Arthur Curry, Jr.",Good,2,60,15,10,15,35,15
Aquagirl I,Tula,,Good,8,90,55,85,70,55,75
Aqualad II,Jackson Hyde,Jackson Hyde,Good,9,85,35,90,90,75,75
Aqualad,Garth,Garth,Good,7,80,45,40,75,90,60
Aquaman (Injustice),Arthur Curry,,Good,12,85,75,75,80,100,85
Aquaman,Orin,Orin,Good,14,90,85,80,80,100,80
Aracnido Jr.,,,,8,90,65,60,55,35,80
Aragorn,Aragorn II Elessar,,Good,7,90,15,40,55,55,100
Archangel (FOX),Warren Kenneth Worthington III,,,10,95,20,60,75,65,70
Archangel,Warren Kenneth Worthington III ,Warren Kenneth Worthington III ,Good,6,80,15,60,65,35,40
Arclight,Philippa Sontag,Philippa Sontag,Bad,4,70,65,25,40,50,70
Arcturus,Arcturus,Arcturus,Neutral,11,90,60,55,80,100,85
Ardina,Ardina,,Good,21,80,100,100,80,100,25
Ariel,Ariel,Ariel,Good,6,75,10,10,15,95,30
Arizona Annie,,,,7,90,10,15,20,20,65
Arkade,,,Bad,5,50,20,40,45,100,95
Arkillo,Arkillo,Arkillo,Bad,14,90,100,65,70,100,70
Armor,Hisako Ichiki,Hisako Ichiki,Good,6,75,65,10,80,55,55
Arnim Zola (MCU),Arnim Zola,Arnim Zola,Bad,9,100,5,10,15,10,20
Arno Victor Dorian,Arno Dorian,Arno Victor Dorian,Good,7,85,10,40,45,90,100
Arnold Flass,Arnold Flass,,Bad,2,60,10,20,10,20,50
Arsenal (CW),Roy Harper,,,4,75,20,40,40,40,80
Arsenal,"Roy William Harper, Jr.","Roy William Harper, Jr.",Good,5,75,10,50,55,45,80
Atom (CW),Ray Palmer,Raymon Carson Palmer,Good,13,100,35,70,75,100,85
Artemis (CW),Evelyn Sharp,Evelyn Crawford Sharp,Bad,6,85,10,35,30,30,75
Arthur Dayne,,Ser Arthur Dayne,Good,4,70,10,50,35,20,100
Ash,Ash,,Good,11,90,25,60,80,100,100
Aspheera,Aspheera,Aspheera,Bad,67,95,30,90,80,100,100
Asura,Asura,Asura,Good,32,60,100,100,100,100,100
Batgirl III,Helena Rosa Bertinelli,Helena Rosa Bertinelli,Good,9,95,20,50,45,40,95
Atom Girl,Salu Digby,Salu Digby,Good,3,70,10,25,30,40,40
Atom II,Ray Palmer,Raymond Palmer,Good,8,95,10,35,45,40,60
Atom III,Adam Cray,Adam Cray,Good,-,0,0,0,0,0,0
Atom IV,Ryan Choi,Ryan Choi,Good,9,100,10,45,35,35,95
Atom Smasher (CW),Al Rothstein,Albert Rothstein,Bad,5,60,75,65,85,80,65
Atomic Skull,Joseph Martin,Joe Martin,Bad,5,60,30,40,90,100,65
Atomica,Rhonda Pineda,,Bad,5,80,10,30,20,40,70
Attuma,Attuma,,,12,95,65,55,75,100,80
Aurora,Jeanne-Marie Beaubier,Jeanne-Marie Beaubier,Good,8,80,10,95,60,85,55
Avatar Korra,Korra,,Good,8,80,30,60,90,100,90
Azrael (Gotham),Theo Galavan,Theodore Galavan,Bad,9,95,40,55,75,60,95
Aztar,Aztar,Aztar,Good,222,100,100,100,100,100,80
Balder,Balder Odinson,Balder Odinson,Good,10,80,65,75,80,100,100
Bane (Dark Knight),Unknown,Unknown,Bad,9,95,30,25,60,65,90
Bane (Injustice),Dorrance,,Bad,10,95,55,75,65,65,85
Batman (1966),Bruce Wayne,Bruce Wayne,,6,80,30,35,40,90,70
Bane,,,Bad,9,85,75,50,70,90,90
Banshee (FOX),Sean Cassidy,,,7,90,10,25,35,35,70
Banshee,Sean Cassidy,Sean Cassidy,Good,5,75,10,60,40,65,70
Bantam,Roberto Velasquez,Roberto Velasquez,Good,3,65,55,25,55,20,55
Barb Wire,Barbara Kopetski,Barbara Ludwika Rose Kopetski.,Good,7,90,15,25,50,50,100
Batman (Arkham),Bruce Wayne,Bruce Wayne,Good,12,100,20,55,100,95,100
Baron Mordo (MCU),Karl Mordo,,Bad,12,100,30,65,60,100,90
Baron Zemo (MCU),Helmut J. Zemo,,Bad,10,100,30,50,50,30,100
Baron Zemo,Helmut Zemo,Helmut J. Zemo,Bad,8,90,50,20,65,80,80
Batcow,None,None,Good,3,70,10,25,20,10,20
Calculator,Noah Kutller,Noah Kutller,Neutral,10,100,5,40,60,70,65
Batgirl (Injustice),Barbara Gordon,Barbara Gordon,Good,10,100,15,45,50,50,100
Batgirl IV,Cassandra Cain,Cassandra Cain,Good,6,85,10,25,55,45,100
Batgirl (New 52),Barbara Gordon,Barbara Joan Gordon,Good,9,100,10,25,30,50,95
Batgirl VI,Stephanie Brown,Stephanie Brown,Good,6,90,10,25,30,20,80
Batgirl,Barbara Gordon,Barbara Gordon,Good,8,95,10,35,40,50,90
Bathound,Ace,,Good,1,50,10,15,30,30,35
Batman (Burtonverse),Bruce Wayne,Bruce Wayne,Good,7,90,15,25,40,40,90
Batman (DC One Million),,,Good,12,100,40,50,50,100,100
Batman (DCAU),Bruce Wayne,,Good,9,100,10,30,30,35,100
Batman (GAM),Kirk Langstrom,,Good,11,100,30,60,75,75,85
Batman II,Dick Grayson,Richard John Grayson,Good,8,95,10,35,30,35,100
Batman (Injustice),Bruce Wayne,,Good,10,100,25,45,55,55,100
Batman (LEGO),Bruce Wayne,Bruce Wayne,Good,4,75,20,25,40,60,85
Batman (The Brave And The Bold),Bruce Wayne,,Good,9,100,15,25,25,30,100
Batroc The Leaper (MCU),Georges Batroc,Georges Batroc,Bad,4,75,15,45,40,35,100
Captain Price,John Price,,Good,8,95,15,20,50,40,100
Battle-Suit Batman (DCEU),Bruce Wayne,Bruce Wayne,Good,12,100,80,50,75,75,95
Battlestar,Lemar Hoskins ,Lemar Hoskins ,Good,5,75,55,35,75,50,75
Batwoman V,Katherine Rebecca Kane,Katherine Rebecca Kane,Good,7,90,10,30,25,25,80
Batwoman,Helena Wayne,,Good,7,90,15,30,30,40,85
Beak,Barnell Bohusk ,Barnell Bohusk ,Good,-,0,0,0,0,5,0
Beast Boy (Titans),Garfield Logan,Garfield Logan,Good,5,75,30,60,45,65,65
Beast Boy,Garfield Mark Logan,Garfield Mark Logan,Good,6,75,30,50,70,80,40
Beast (FOX),Henry Philip McCoy,,Good,10,100,50,70,50,40,100
Beetle,Abner Jenkins,Abner Ronald Jenkins,Bad,8,95,30,50,50,55,65
Bekka,Bekka,,Neutral,20,95,100,90,100,100,100
Big Daddy,Damon Macready,Damon Macready,Good,3,70,10,10,30,20,65
Ben 10,Benjamin Kirby Tennyson,Benjamin Kirby Tennyson,Good,32,90,100,100,100,100,75
Beta Ray Bill,Beta Ray Bill,Beta Ray Bill,Good,12,80,80,35,95,100,85
Beyonder,,,Neutral,∞,100,100,100,100,100,90
Big Barda,Barda Free,Barda Free,Bad,16,95,100,80,100,100,100
Big Boss,John,,Good,15,100,95,50,50,100,100
Bill Harken,,,Good,6,80,35,35,60,25,40
Billy Kincaid,Billy Kincaid,Billy Kincaid,Bad,-,0,0,0,0,0,0
Binary,Carol Danvers,Carol Susan Jane Danvers,Good,20,100,100,95,100,100,90
Bird-Brain,,,Good,3,65,10,35,30,20,40
Bird-Man II,Achille DiBacco,Achille DiBacco,Bad,-,0,0,0,0,10,0
Bizarro,Bizarro,Bizarro,Neutral,12,70,95,100,100,100,85
Bird-Man,Henry Hawk,Henry Hawk,Bad,-,0,0,0,0,5,0
Bird,Birdy Colossimo,,Bad,7,90,10,15,10,15,80
Birdman,Ray Randal,Ray Randal,Good,9,75,30,65,55,100,85
Bishop (Fox),Lucas Bishop,Lucas Bishop,Good,7,80,15,30,70,80,70
Bishop,Lucas Bishop,Lucas Bishop,Good,9,80,15,25,75,100,65
Bizarro-Girl,,,Neutral,13,75,100,100,100,100,75
Black Abbott,,,Bad,-,0,0,0,0,35,0
Black Adam (New 52),Teth-Adam,Teth-Adam,Bad,20,90,100,100,90,100,90
Black Adam (Pre-Crisis),Teth-Adam,,Bad,22,95,100,100,100,100,100
Black Adam,Teth-Adam,Teth-Adam,Bad,35,100,100,100,100,100,90
Black Cat (Edge of Time),Felicia Hardy,,Neutral,7,85,10,75,40,75,85
Black Alice,Lori Zechlin,Lori Zechlin,Good,∞,95,100,100,85,100,85
Black Bolt (MCU),Blackagar Boltagon,Blackagar Boltagon,Good,7,85,30,30,50,75,85
Black Bolt,Blackagar Boltagon,Blackagar Boltagon,Good,11,90,65,100,85,100,55
Black Canary (CW),Laurel Lance,Dinah Laurel Lance,Good,7,85,10,85,35,65,85
Bookworm,A.S. Scarlet,,Bad,7,90,0,5,5,15,5
Black Canary II (CW),Dinah Drake,Dinah Drake,Good,7,90,20,50,45,50,100
Black Canary (Injustice),Dinah Laurel Lance,,Good,9,95,20,50,45,50,100
Black Canary,Laurel Lance,Dinah Laurel Lance,Good,6,80,10,35,20,50,80
Black Cat (earth 1610),Felicia Hardy,,Neutral,8,85,10,80,80,60,90
Black Cat (Earth 65),Felicia Hardy,,,7,90,15,35,25,55,90
Black Cat (PS4),Felicia Hardy,,Neutral,5,80,10,65,30,45,80
Black Cat,Felicia Hardy,Felicia Hardy,Good,6,90,15,35,10,25,70
Black Eagle,Cassius Bannister,Cassius Bannister,Good,-,0,0,0,0,0,0
Black Flash,,,Neutral,18,75,10,100,80,100,30
Black Hand,William Hand,William Hand,,80,95,90,85,75,100,75
Black Knight III,Dane Whitman,Dane Whitman,Good,6,80,10,10,70,45,70
Black Lightning (CW),Jefferson Pierce,Jefferson Pierce,Good,6,80,15,35,70,80,90
Black Lightning,Jefferson Pierce,Jefferson Pierce,Good,5,75,10,55,30,70,75
Black Mamba,Tanya Sealy,Tanya Sealy,Bad,8,90,10,35,40,90,65
Black Manta (DCEU),David Kane,,Bad,7,85,45,55,55,75,85
Black Manta,David,,Bad,8,90,30,50,60,75,85
Catwoman (Dark Knight),Selina Kyle,Selena Kyle,Neutral,7,85,10,70,80,40,90
"Black Panther (1,000,000 B.C.)",Unknown,,,7,90,30,45,55,40,75
Black Siren (CW),Laurel Lance (Earth Two),Laurel Lance,Good,8,90,15,45,45,65,95
Black Spider,Eric Needham,,Neutral,7,90,10,35,35,30,85
Blackwing,Joseph Manfredi,Joseph Manfredi,Bad,3,70,10,35,30,20,55
Blackwulf,Lucian,Lucian,,5,75,30,10,30,70,25
Blade,Eric Brooks,Eric Brooks,Good,6,80,30,40,50,40,90
Blight,Derek Powers,,Bad,11,90,10,30,100,100,50
Bling!,Roxanne Washington ,Roxanne Washington ,Good,7,85,15,10,90,50,30
Blink,Clarice Ferguson,Clarice Ferguson,Good,5,75,10,20,30,75,65
Blizzard II,Donald Gill,Donald Gill,Bad,4,70,10,25,40,45,55
Blizzard Samurai,Unknown,Unknown,Bad,8,80,10,20,45,100,85
Blizzard,Gregor Shapanka,Gregor Shapanka,Bad,-,0,0,0,0,0,0
Blob (FOX),Fred Dukes,Frederick J. Dukes,Bad,6,80,30,30,85,45,50
Blob,Frederick J. Dukes,Frederick J. Dukes,Bad,4,55,85,25,95,30,70
Blockbuster,Mark Desmond,,Bad,5,75,65,50,55,50,45
Bloodaxe,Jackie Lukus,Jackie Lukus,Bad,9,80,80,35,80,100,85
Bloodhawk,Lemuel Krug,Lemuel Krug,Good,6,75,10,50,80,80,65
Bullseye,Lester,Lester,Bad,5,75,10,25,70,20,70
Bloodwraith,Sean Dolan,Sean Dolan,Bad,-,0,0,0,0,70,0
Blue Beetle II,Theodore Kord,Theodore Stephen,Good,9,95,55,50,60,70,90
Blue Beetle III,Jaime Reyes,Jaime Reyes,Good,8,75,35,60,80,100,30
Blue Beetle (Injustice),Jaime Reyes,Jaime Reyes,Good,10,75,35,90,85,100,70
Bolobo,Bolobo,Bolobo,Good,4,40,65,30,60,100,70
Bomb Queen,,,Bad,-,0,0,0,0,10,0
Boom-Boom,Tabitha Smith,Tabitha Smith,Good,4,70,10,10,40,55,65
Booster Gold,Michael Jon Carter,Michael Jon Carter,Good,13,85,85,40,70,100,40
Bor Burison,Bor Burison,Bor Burison,Neutral,20,75,100,100,100,100,100
Box III,Dr. Walter Langowski,Dr. Walter Langowski,Good,-,0,0,0,0,0,0
Box IV,Madison Jeffries,Madison Jeffries,Good,5,75,75,25,30,15,55
Brainiac 5 (CW),Querl Dox,Querl Dox,Good,12,100,40,60,80,85,90
Brainiac 5,Querl Dox,Querl Dox,Good,10,100,10,25,30,60,30
Brainiac,Vril Dox,Vril Dox,Bad,15,100,95,65,90,65,75
Brickster,Unknown,Unknown,Bad,4,75,10,25,30,35,65
Brother Voodoo,Jericho Drumm,Jericho Drumm,Good,9,95,15,55,60,90,85
Bruce Banner (Wild West),Bruce Banner,,,9,100,10,10,15,10,20
Brundlefly,Seth Brundle,Sethaniel Brundle,Neutral,6,85,30,25,40,30,15
Bryan Mills,,,Good,10,100,15,30,60,50,100
Buffy,Buffy Anne Summers,Buffy Anne Summers,Good,6,80,30,40,70,50,60
Bullseye (MCU),Benjamin Poindexter,,Bad,5,80,20,40,45,45,85
Bullseye (Wild West),Lester,,Bad,5,85,10,20,15,20,85
Bumblebee,Bumblebee,Bumblebee,Good,7,85,55,60,75,75,95
Bumbleboy,,,Good,-,0,0,0,0,10,0
Buri,Buri,Buri,Neutral,19,100,100,90,90,100,100
Bushido,Ryuko Orsono,Ryuko Orsono,Good,3,70,10,10,10,20,70
Bushmaster (MCU),John Mclver,John Mclver,Bad,7,85,55,60,70,65,95
Butterball,Emery Schaub,,Good,10,90,10,25,100,100,50
Cable (FOX),Nathan Summers,,Bad,8,65,55,80,60,100,70
Cable,Nathan Summers,Nathan Christopher Charles Summers Dayspring,Good,22,95,50,25,55,100,80
Caesar,Caesar,,Neutral,11,100,30,40,65,85,100
Caitlin Fairchild,Caitlin Fairchild,,Good,17,95,100,85,100,100,85
Caliban (FOX),,,,8,90,30,45,55,40,70
Caliban,,,Good,5,75,50,35,50,65,60
Callisto,Callisto,Callisto,Bad,6,80,55,25,40,50,85
Cameron Hicks,,,Good,5,75,10,25,30,50,70
Cannonball,Samuel Zachery Guthrie,Samuel Zachery Guthrie,Good,7,75,30,65,100,95,55
Captain America 2099,Roberta Mendez,,Good,8,95,20,55,45,45,100
Captain America (EMH),Steve Rogers,Steven Grant Rogers,Good,7,85,20,50,60,65,100
Captain America (Venomized),Steve Rogers,Steven Steve Rogers,Bad,14,75,40,50,50,100,100
Captain America (Wild West),Steve Rogers,,,8,95,20,35,50,40,95
Captain Atom,Nathaniel Adam,Nathaniel Christopher Adam,Good,37,90,95,85,90,100,80
Captain Boomerang (CW),Digger Harkness,Digger Harkness,Bad,6,85,15,35,35,45,90
Captain Boomerang (DCEU),Digger Harkness,George Harkness,Bad,6,85,15,25,40,40,80
Captain Boomerang,George Harkness,,Bad,2,60,15,40,40,40,80
Captain Britain,Brian Braddock,Brian Braddock,Good,8,90,75,50,60,30,80
Captain Cold (CW),Leonard Snart,,Neutral,2,40,10,60,45,40,80
Captain Corbett,,,Bad,8,95,10,10,10,15,50
Captain Epic,,,Good,-,0,0,0,0,5,0
Captain Hindsight,Jack Brolin,Jack Brolin,Good,3,65,10,85,30,10,20
Captain Mar-vell,Genis-Vell,Genis-Vell,Good,20,85,95,90,90,100,85
Captain Marvel II,Frederick Christopher Freeman,Frederick Christopher Freeman,Good,8,90,80,25,90,35,55
Captain Metropolis,Nelson Gardner,Nelson Gardner,Good,6,85,20,25,40,45,80
Captain Planet,,,Good,18,75,90,75,80,100,60
Captain Soto,Soto,Soto,Neutral,6,80,30,35,50,85,75
Captain Stingaree,Karl Courtney,,Bad,7,90,10,15,10,20,75
Captain Universe,,,Neutral,20,80,100,100,100,100,60
Castiel,,,Good,28,95,10,40,100,100,90
Cat,Shirlee Bryant,Shirlee Bryant,Good,4,70,10,40,15,15,90
Catwoman (Injustice),Selina Kyle,,Bad,9,95,10,50,45,50,100
Catwoman,Selina Kyle,Selina Kyle,Bad,6,85,10,25,30,45,85
Caulifla,Caulifla,Caulifla,Neutral,16,80,100,100,100,100,100
Cecilia Reyes,Dr. Cecilia Reyes,Dr. Cecilia Reyes,Good,-,0,0,0,0,0,0
Century,,,Good,11,95,80,55,65,100,100
Cerebra,Shakti Haddad,Shakti Haddad,Good,-,0,0,0,0,5,0
Chamber,Jonothon Evan Starsmore,Jonothon Evan Starsmore,Good,5,75,10,20,80,55,65
,,,,-,0,0,0,0,0,0
Champion Of The Universe,Tryco Slatterus,Tryco Slatterus,Neutral,22,50,100,75,100,100,100
Changeling,Kevin Sidney,Kevin Sidney,Bad,6,80,10,25,40,65,65
Cheetah II,Deborah Domaine,Deborah Domaine,Bad,4,70,20,40,20,40,60
Cheetah III,Barbara Minerva,Barbara Ann Minerva,Bad,15,95,100,90,80,80,95
Cheetah,Priscilla Rich,Priscilla Rich,Bad,4,70,10,40,20,30,70
Cheshire,Jade Nguyen,Jade Nguyen,Bad,7,90,10,35,50,50,100
Chewtoy,Unknown,/,Neutral,4,75,10,10,15,30,30
Chipmunk Hunk,Tomas Lara-Perez,,Good,8,95,30,35,35,45,65
Chope,Chope,Chope,Bad,2,60,10,15,10,20,50
Chop'rai,Chope,Chope,Bad,8,80,40,50,50,100,90
Elastigirl,Helen Parr,Helen Parr,Good,7,80,30,35,95,50,70
Chosen Undead,,,,21,60,50,45,70,100,85
Chroma,Roy G. Bivolo,Roy G. Bivolo,Bad,-,0,0,0,0,0,0
Chromos,Bernard Embers,Bernard Embers,Bad,-,0,0,0,0,55,0
Chuck Norris,Carlos Ray Norris,Carlos Ray Norris,Good,6,75,80,45,55,40,100
Citizen Steel (CW),Nate Heywood,Nathaniel Heywood,Good,12,95,90,35,100,70,80
Citizen Steel,Nathan Heywood,Nathaniel Heywood,Good,9,75,95,35,100,25,60
Cole,Cole,Cole,,13,70,50,50,80,100,100
Claire Bennet,Claire Bennet,Claire Bennet,Good,6,70,10,10,100,90,30
Clea,Clea,Clea,Good,32,100,35,75,90,100,70
Cloak,Tyrone Johnson,Tyrone Johnson,Good,8,80,10,45,65,100,55
Clock King,William Tockman,William Tockman,Bad,6,90,10,15,10,5,40
Cloud 9,Abigail Abby Boylen,,Good,9,90,10,60,95,35,50
Cogliostro,Cain,Cain,Bad,-,0,0,0,0,60,0
Cole (The LEGO Ninjago Movie),Cole,/,Good,8,85,25,25,30,100,100
Collector,Taneleer Tivan,Taneleer Tivan,Bad,15,95,50,30,60,100,75
Colleen Wing (MCU),Colleen Wing,,,9,95,15,50,95,35,100
Colossus (FOX),Peter Rasputin,Piotr Rasputin,Good,6,70,80,35,100,65,85
Colossus,Peter Rasputin,Piotr Nikolaievitch Rasputin,Good,8,80,85,35,100,45,80
Constantine (CW),John Constantine,John Constantine,Good,11,95,10,25,30,100,70
Commander Blunck,Blunck,,Bad,8,85,30,25,50,100,65
Commander Machia,Machia,Machia,Bad,9,70,50,45,70,100,90
Commander Raggmunk,Raggmunk,,Bad,9,75,30,60,60,100,50
Connor Hawke,Connor Hawke,,Good,7,90,10,35,40,55,95
Connor Kenway,Ratonhnhaké:ton,,Good,7,90,10,40,40,70,100
Copperhead,Unknown,Unknown,Bad,7,90,10,40,45,40,100
Copycat,Vanessa Carlysle,Vanessa Carlysle,Neutral,5,80,10,20,25,55,60
Corsair,Christopher Summers,Christopher Summers,Good,-,0,0,0,0,0,0
Corvus Glaive (MCU),Corvus Glaive,Corvus Glaive,Bad,5,70,65,65,70,65,90
Cy-Gor,,,Bad,-,0,0,0,0,10,0
Cosmic Hulk,Robot Hulk,,Bad,42,85,90,75,90,100,75
Cosmic King Thor,Thor Odinson,Thor Odinson,Good,117,100,100,100,100,100,100
Cosmo The Spacedog,Cosmo,Cosmo,Good,9,90,15,30,45,100,55
Cottonmouth,Burchell Clemens,Burchell Clemens,Bad,4,75,10,10,10,25,25
Crimson Crusader,Rory Destine,Rory Destine,Good,-,0,0,0,0,10,0
Crimson Dynamo,Anton Vanko,Anton Vanko,Good,10,100,30,55,60,35,60
Crossbones,Brock Rumlow,Brock Rumlow,Bad,4,70,15,45,40,30,100
Crystal (MCU),Crystalia Amaquelin,Crystalia Amaquelin,Good,7,85,10,25,20,80,80
Crystal,Crystallia Amaquelin,Crystallia Amaquelin Maximoff,Good,6,80,15,10,15,60,55
Cull Obsidian (MCU),Cull Obsidian,Cull Obsidian,Bad,7,60,90,60,85,85,95
Curse,Phillip Krahn,Phillip Krahn,Bad,-,0,0,0,0,15,0
Cyborg Superman (CW),Hank Henshaw,Henry Henshaw,Bad,14,85,100,85,90,100,85
Cyborg,Victor Stone,Victor Stone,Good,8,90,55,40,85,70,65
Cyclops (FOX),Scott Summers,,Good,3,65,15,30,30,50,55
Cyclops,Scott Summers,Scott Summers,Good,8,90,10,25,40,75,80
Cypher,Douglas Aaron Ramsey,Douglas Aaron Ramsey,Good,12,100,20,70,40,100,85
Cyrus Borg,Cyrus Borg,Dr. Cyrus Borg,Good,9,100,5,50,15,20,15
Daddy No Legs,Nobody Knows,Daddy No Legs,Neutral,7,85,30,40,40,80,35
Dagger,Tandy Bowen,Tandy Bowen,Good,6,80,10,35,40,60,70
Daken,Akihiro,Akihiro,Bad,12,85,15,50,80,100,100
Damage Control,,,Good,5,80,5,15,30,25,30
Damien Darhk (CW),Damien Darhk,Damien Darhk,Bad,30,95,30,45,55,100,100
Danny Cooper,,,Good,-,0,0,0,0,0,0
Dante,Dante Sparda,,Neutral,13,85,80,90,95,100,100
Danzō,,Danzō Shimura,Neutral,14,95,10,50,60,100,100
Daphne Powell,Daphne Powell,Daphne Powell,Good,4,70,10,10,10,55,10
Daredevil (FOX),Matt Murdock,,Good,8,90,10,80,50,60,100
Dark Archer (CW),Malcolm Merlyn,Arthur King,Neutral,9,95,15,45,50,50,100
Dark Beast,,,Bad,-,0,0,0,0,0,0
Dark Elf Soldier,Dark Elf Soldier,,,3,70,10,25,25,25,50
Dark Kahn,,,Bad,71,95,100,100,100,100,95
Dark Phoenix (Venomized),Jean Grey,Jean Elaine Grey-Summers,Bad,130,100,100,100,100,100,85
Darkhawk,Christopher Powell,Christopher Powell,Good,6,75,30,35,70,75,65
Darkman,Peyton Westlake,Peyton Westlake,Good,8,95,15,20,60,20,30
Darkstar,Laynia Petrovna,Laynia Petrovna,Good,5,70,10,35,40,80,65
Darth Maul,Maul,Maul,Bad,15,85,50,35,45,100,100
Darth Nihilus,Unknown,Unknown,Bad,84,65,30,100,30,100,45
Darth Nox,Remowa Alucard,Remowa Alucard,Bad,73,85,30,100,30,100,100
Darwin (FOX),Armando Muñoz,Armando Muñoz,Good,7,70,10,30,100,100,70
Dash,Dashiell Robert Parr,Dashiell Robert Parr,Good,4,65,10,90,60,20,30
Data,Data,,Good,10,100,30,20,40,55,50
David Cain,David Cain,,Bad,9,100,10,20,15,20,100
Dazzler,Alison Blaire,Alison Blaire,Good,9,80,10,35,60,100,55
Deacons Of The Deep,,,,7,75,10,35,20,100,30
Deathstroke (Injustice),Slade Wilson,Slade Joseph Wilson,Neutral,9,90,30,35,70,100,100
Deadpool,Wade Wilson,Wade Winston Wilson,Neutral,12,80,20,50,100,100,100
Deadshot (CW),Floyd Lawton,Floyd Lawton,Neutral,6,85,15,40,40,40,90
Deadshot (Injustice),Floyd Lawton,,Bad,5,80,10,25,30,55,80
Deadshot (New 52),Floyd Lawton,Floyd Lawton,Bad,6,85,10,25,35,40,90
Deadshot,Floyd Lawton,Floyd Lawton,Bad,5,75,10,25,30,55,80
Exodus,Bennet du Paris ,Bennet du Paris ,Bad,13,80,80,30,30,100,70
Dean Winchester,Dean Winchester,Dean Winchester,Good,5,80,15,25,50,40,85
Death Of The Endless,Death,Death Of The Endless,Neutral,∞,100,100,100,100,100,50
Death Seed Archangel,Warren Worthington,Warren Kenneth Worthington III,Neutral,15,95,15,90,80,100,85
Death Seed Draken,Akihiro,Akihiro,Bad,13,75,30,85,100,100,90
Deathlok (MCU),Michael Peterson,,Good,7,90,20,40,40,60,75
Deathstroke (New 52),Slade Wilson,Slade Joseph Wilson,Neutral,8,90,35,45,60,70,100
Deathstroke,Slade Wilson,Slade Joseph Wilson,Neutral,12,100,30,35,65,100,100
Dementor,,,Bad,23,70,10,50,85,100,90
Demogoblin,,,Bad,5,75,50,40,35,65,60
Desaad,Unknown,,Bad,18,100,50,45,70,100,60
Lady Deathstrike,Yuriko Oyama,Yuriko Oyama,Bad,6,80,30,40,85,50,90
Desmond Miles,Desmond Miles,,Good,8,85,10,30,40,95,90
Destroyer (MCU),,,,6,30,90,55,90,80,60
Destroyer,,,Bad,14,75,100,70,100,100,65
Destruction Of The Endless,Destruction,,Neutral,112,100,100,100,100,100,85
Detective Chimp,Bobo T. Chimpanzee,Bobo T. Chimpanzee,Good,12,100,55,60,85,100,85
Detroit Steel,Lt. Doug Johnson III,,Bad,13,100,90,60,60,55,65
Devastator,Bruce Wayne,,Bad,22,100,100,70,100,100,100
Devilman,Akira Fudo,Akira Fudo,Good,229,90,100,100,100,100,90
Dilara,Dilara,Dilara,Bad,8,90,15,25,25,95,50
DL Hawkins,Daniel Lawrence Hawkins,Daniel Lawrence Hawkins,Good,5,75,10,10,55,50,55
Domino (FOX),Neena Thurman,,Good,5,80,10,50,30,45,60
Doc Green,Bruce Banner,,Good,24,100,100,75,70,100,80
Doc Samson,Leonard Samson,Leonard Samson,Good,8,90,80,35,80,35,70
,,,,-,0,0,0,0,0,0
Doctor Double X,Dr. Simon Ecks,,Bad,7,85,40,65,60,65,65
Doctor Mid-Nite,Dr Charles Mcnider,Dr Charles Mcnider,Good,7,90,35,35,35,55,90
Doctor Occult,Unknown,Unkown,Good,61,100,55,100,90,100,85
Doctor Octopus (Shattered Dimensions),Serena Patel,Dr. Serena Patel,,7,90,55,50,40,25,70
Doctor Octopus (SONY),Otto Octavius,Otto Octavius,Bad,10,100,50,40,40,55,75
Doctor Octopus,Otto Octavius,Otto Octavius,Bad,9,95,50,35,40,55,65
Doctor Poison,Marina Maru,,Bad,9,100,10,20,20,50,70
Doctor Sivana,"Dr. Thaddeus Sivana, Sr.",Thaddeus Bodog Sivana Sr,Bad,14,100,0,15,25,100,65
Doctor Strange (Classic),Stephen Strange,Stephen Vincent Strange,Good,120,100,15,100,100,100,60
Domino,Neena Thurman,Neena Thurman,Good,5,80,10,25,30,50,75
Donna Troy,Donna Hinckley Stacey Troy,Donna Hinckley Stacey Troy,Good,12,90,90,60,90,75,85
Doom Slayer,B.J. Blazkowicz IV,William Joseph Blazkowicz IV,Good,71,100,95,65,100,100,100
Doomguy,B.J. Blazkowicz IV,William Joseph Blazkowicz IV,Good,24,65,80,40,85,100,100
Doomsday (Hunter Prey),Doomsday,,Bad,40,50,100,100,100,100,60
Doomsday,Doomsday,Doomsday,Bad,20,90,100,65,100,100,90
Doppelganger,,,Bad,4,45,65,60,95,70,85
Dormammu,Dormammu,Dormammu,Bad,142,100,100,100,100,100,80
Doubloon,Pete Doubloon,,Bad,6,65,65,65,60,100,100
Dove II,Dawn Granger,Dawn Marie Granger,Good,4,75,10,30,55,45,75
Dove (Titans),Dawn Granger,Dawn Granger,Good,6,85,10,45,40,40,95
Dr Manhattan,Jonathan Osterman,Jonathan Osterman,Good,124,100,100,40,100,100,45
Dracula,Vlad Tepes Dracula,Vlad Tepes Dracula,Bad,211,100,100,100,100,100,75
Drax the Destroyer,Arthur Sampson Douglas,Arthur Sampson Douglas,Good,7,80,80,25,85,45,65
Duela Dent,Duela Dent,,Neutral,9,100,10,20,40,30,50
Edward Kenway,Edward Kenway,Edward James Kenway,Good,8,90,10,40,40,70,100
Dum Dum Dugan,Thaddeus Aloysius Cadwallader Dugan,Thaddeus Aloysius Cadwallader Dugan,Bad,7,90,15,30,30,25,65
Ebony Maw (MCU),,,Bad,12,100,10,40,35,100,70
Echo Zane,Echo Zane,Echo Zane,Good,6,80,10,25,25,95,65
Ed,Ed,Ed Walker,Good,5,80,5,10,10,15,15
Edward Elric,Edward Elric,,,7,90,10,35,25,25,50
Egg Fu,Chang Tzu,,Bad,11,100,40,50,60,95,50
Ego (MCU),Ego,,Bad,22,90,95,85,95,100,80
Ego,Ego,Ego,Bad,12,95,80,85,100,70,30
El Diablo (DCEU),Chato Santana,,Good,8,90,25,80,70,45,80
El Diablo,Chato Santana,,Neutral,8,60,20,30,80,100,70
Electro (SONY),Max Dillon,Maxwell Dillon,Bad,9,85,20,70,70,90,55
Electro,Maxwell Dillon,Maxwell Dillon,Bad,7,85,10,50,55,65,65
Elektra (Fox),Elektra Natchios,,Neutral,7,90,20,50,45,50,70
Elektra (MCU),Elektra Natchios,,Neutral,6,85,15,60,40,20,95
Elektra,Elektra Natchios,Elektra Natchios,Good,6,80,10,30,30,60,100
Elle Bishop,,,Bad,5,75,10,10,40,65,40
Elongated Man (CW),Ralph Dibny,Ralph Dibny,Good,12,90,50,40,95,100,75
Elongated Man,Ralph Dibny,Ralph Dibny,Good,8,90,10,35,90,45,40
Emma Frost (FOX),Emma Grace Frost,,Good,11,95,30,50,85,90,85
Emma Frost,Emma Frost,Emma Grace Frost,Neutral,13,85,30,70,100,100,55
Enchantress (DCEU),June Moone,,Bad,19,95,65,80,95,100,65
Energy,,,Good,-,0,0,0,0,5,0
Eradicator,Eradicator,,Bad,20,100,100,100,100,100,75
Erik Killmonger,N'Jadaka,,Bad,8,90,15,30,65,70,95
Eru Iluvatar,Eru,,Good,∞,100,100,100,100,100,100
Ethan Hunt,Ethan Hunt,Ethan Matthew Hunt,Good,6,90,10,30,30,25,95
Etrigan,Jason Blood,Jason Blood,Neutral,10,75,85,15,100,100,50
Evie Frye,Evie Frye,,Good,7,90,10,45,30,70,100
Evil Deadpool,Wade Wilson,,Bad,20,85,30,50,100,100,100
Evil Nya,Nya,Nya,Bad,10,90,35,25,40,100,100
Evilhawk,Dargin Bokk ,Dargin Bokk ,Bad,6,75,30,35,70,85,65
Executioner,Skurge,,Neutral,7,75,70,50,90,95,95
Ezio Auditore da Firenze,Ezio Auditore da Firenze,Ezio Auditore da Firenze,Good,8,90,15,40,45,80,100
Fabian Cortez,Fabian Cortez,Fabian Cortez,Bad,-,0,0,0,0,0,0
Faceless Man,,,Neutral,8,85,10,65,90,75,85
Falcon,Sam Wilson,Samuel Thomas Wilson,Good,4,70,15,50,30,20,65
Fallen One II,,,Bad,27,95,85,85,100,100,55
Faora,Faora Hu-Ul,Faora Hu-Ul,Bad,15,95,95,75,100,100,90
Fandral (MCU),Fandral,Fandral,Good,6,75,55,70,70,65,95
Fandral,,,,10,95,55,55,50,85,95
Fangtom,Fangtom,Fangtom,Neutral,6,60,55,60,65,100,70
Fëanor,,,Good,18,100,95,80,70,100,100
Faora (DCEU),Faora-Ul,,Bad,13,85,100,100,80,80,100
Fatale,Real name unknown,Real name unknown,Bad,-,0,0,0,0,0,0
Felix Faust,Dekan Drache,,Bad,28,85,10,20,65,100,75
Fenris (MCU),Fenris,,,8,90,65,60,65,50,70
Feral,Maria Callasantos,Maria Callasantos,Good,4,70,30,45,30,25,70
Fin Fang Foom,,,Good,7,75,80,25,100,75,70
Fire,,Beatriz Bea Bonilla Da Costa,Good,9,90,40,65,70,65,85
Firefist (FOX),Russell Collins,,,7,90,20,30,35,45,50
Garbage Man,Richard Ethan Morse,Richard Ethan Morse,Good,-,0,0,0,0,10,0
Firelord,Pyreus Kril,Pyreus Kril,Good,6,70,65,75,90,50,30
Firestar,Angelica Jones,Angelica Jones,Good,6,75,10,55,55,70,30
Firestorm (CW),Ronald Raymond,Ronald Raymond,Good,12,85,35,80,70,100,65
Firestorm II (CW),Jefferson Jackson,Jefferson Jackson,Good,15,80,35,80,70,100,75
Firestorm,Ronald Raymond,Ronald Raymond,Good,9,70,80,60,80,100,40
First Spinjitzu Master,Unknown,Unknown,Good,∞,100,100,100,100,100,100
Fixer,Paul Norbert Ebersol,Paul Norbert Ebersol,Bad,-,0,0,0,0,0,0
Flash (CW),Barry Allen,Bartholomew Henry Allen,Good,21,85,35,100,75,100,85
Flash Gordon,Steven Gordon,Steven Gordon,Good,9,100,10,25,20,25,25
Flash III,Wally West,Wallace Rudolph West,Good,10,80,10,100,60,100,30
Grayven,,,Bad,20,75,100,70,90,100,80
Flash (Injustice),Barry Allen,Bartholomew Barry Henry Allen,Good,12,90,30,100,95,100,45
Flash IV,Bartholomew Allen II,Bartholomew Allen II,Good,10,80,10,100,30,100,50
Flash Thompson,Eugene Thompson,Eugene Thompson,Good,-,0,0,0,0,0,0
Flash,Jay Garrick,Jason Peter Garrick,Good,7,80,10,100,50,70,30
Forbush-Man,Forbush,Irving Forbush,Good,4,75,10,15,20,35,25
Forge,,,Good,5,80,10,10,30,25,50
Frank Zhang,Frank Zhang,,Good,12,95,65,70,85,100,100
Franklin Richards,Franklin Richards,Franklin Benjamin Richards,Good,54,90,80,15,100,100,50
Franklin Storm,Dr. Franklin Storm,Dr. Franklin Storm,Good,3,70,10,0,0,0,10
Frenzy,Joanna Cargill,Joanna Cargill,Bad,7,80,55,35,100,40,50
Frigga,Frigga,Frigga,Good,-,0,0,0,0,15,0
General Zod,Dru-Zod,Dru-Zod,Bad,18,95,100,95,100,100,95
Gaara,Gaara,Gaara,Good,13,85,90,65,95,100,100
Gambit,Remy Etienne LeBeau,Remy Etienne LeBeau,Good,6,80,10,25,30,60,85
Gamora,Gamora Zen Whoberi Ben Titan,Gamora Zen Whoberi Ben Titan,Good,9,90,85,40,85,55,100
Gandalf The White,Mithrandir,,Good,18,100,10,65,80,100,100
Gandalf,Olórin,,Good,14,95,10,60,70,100,100
Garmadon (The Lego Ninjago Movie),Garmadon,,Neutral,16,75,90,60,80,100,100
Gary Bell,Gary Bell,Gary Bell,Good,6,80,5,10,10,55,10
Gemini V,Madison Jeffries,Madison Jeffries,Good,-,0,10,0,0,0,0
General Cryptor,Cryptor,,Bad,28,100,40,60,100,100,85
General Kozu,Kozu,General Kozu,Bad,33,40,100,25,100,100,90
General Vex,Vex,Vex,Bad,3,70,30,50,10,20,10
Geo-Force,Brion Markov,,Good,13,85,80,50,90,100,90
Ghost (MCU),Ava Starr,,,8,85,40,60,85,75,90
Ghost Rider 2099,Kenshiro Cochrane,Kenshiro Cochrane,Good,13,65,55,50,100,100,50
Ghost Rider II (MCU),Robbie Reyes,Roberto Reyes,Good,16,75,55,30,100,100,85
Ghost Rider (King Of Hell),Johnny Blaze,Jonathon Blaze,Good,57,50,55,60,100,100,50
Ghost Rider (SONY),Johnny Blaze,,,19,85,50,50,100,100,70
Giant Stone Warrior,,,Bad,30,40,90,50,100,100,90
Giganta,Doris Zuel,Doris Zuel,Bad,10,90,90,25,85,30,40
Gilotina,Gilotina,,Bad,17,95,85,80,100,100,95
Gizmo,Mikron O'Jeneus,,Bad,11,100,35,70,75,50,40
Gladiator,Kallark,Kallark,Neutral,12,75,100,100,100,75,70
Goblin Force,,,Bad,169,100,100,100,100,100,20
Goblin Queen,Madelyne Jennifer Pryor,Madelyne Jennifer Pryor,Bad,7,90,10,25,30,70,55
Goku,Kakarotto,Kakarotto,Good,30,75,100,100,100,100,100
Golden Glider (CW),Lisa Snart,Lisa Snart,Neutral,5,80,10,30,25,30,70
Golden Master's Mech,Overlord,,Bad,∞,100,100,100,100,100,100
Golden Ninja,Lloyd Garmadon,LLoyd Montgomery Garmadon,Good,226,100,100,100,100,100,100
Goliath IV,William Barrett Foster,William Barrett Foster,Good,-,0,0,0,0,5,0
Gorilla Girl,Fahnbullah Eddy,Fahnbullah Eddy,,7,90,35,60,60,45,100
Gorilla Grodd (CW),Grodd,Grodd,Bad,12,90,65,65,80,100,85
GPL,GPL Tech,GPL Tech,Bad,9,100,10,10,10,20,20
Grand Master Skywalker,Luke Skywalker,Luke Skywalker,Good,77,80,30,100,30,100,90
Granny Goodness,,,Bad,22,100,80,80,100,100,100
Grant Ward (MCU),Grant Ward,Grant Douglas Ward,Bad,7,90,10,15,20,25,40
Graviton (MCU),Glenn Talbot,Glenn Talbot,Bad,11,85,50,85,90,100,85
Gravity,Greg Willis,Greg Willis,Good,5,75,30,35,40,70,30
Great Evil Beast,The Great Darkness,,Bad,237,100,100,100,100,100,100
Greedo,Greedo,,Bad,3,70,10,15,15,30,40
Green Arrow (Injustice),Oliver Queen,Oliver Jonas Ollie Queen,Good,6,85,15,40,40,35,85
Green Arrow,Oliver Queen,Oliver Jonas Queen,Good,7,90,25,25,30,20,90
Green Goblin (2099),Jennifer D'Angelo,,Bad,9,95,40,45,55,60,70
Junkpile,,,Bad,6,75,40,15,90,85,30
Green Goblin II,Harold Osborn,Harold Osborn,Bad,7,90,55,35,50,45,25
Green Goblin III,Barton Hamilton,Barton Hamilton,Good,-,0,0,0,0,0,0
Green Goblin IV,Phillip Benjamin Urich,Phillip Benjamin Urich,Good,-,0,0,0,0,0,0
Green Goblin (SONY),Norman Osborn,,,9,95,55,60,65,55,85
Green Lantern (Injustice),Hal Jordan,Harold Hal Jordan,Good,13,90,65,85,85,100,85
Grim Reaper,Eric Williams,Eric Williams,Bad,8,90,30,40,50,90,70
Green Lantern (New 52),Alan Scott,,Good,10,85,75,65,95,90,80
Greenskyn Smashtroll,Unknown,,Good,11,80,100,55,60,75,90
Grid,,,Bad,11,100,55,50,65,70,75
Griffin Turner,Griffin Turner,,Good,9,90,10,100,35,85,85
Grifter,Cole Cash,,Neutral,9,75,15,50,80,100,95
Groot,Groot,Groot,Good,11,90,85,35,70,100,65
Gru,Felonius Gru,,,10,100,20,50,45,75,90
Gypsy (CW),Cynthia,Cynthia Reynolds,Good,6,80,15,45,40,80,85
Gypsy,,Cynthia Cindy Reynolds,Good,7,90,10,15,30,65,70
Hammer,Leroy Hammer Jackson,,Bad,15,90,100,100,100,85,100
Husk,Paige Elisabeth Guthrie,Paige Elisabeth Guthrie,Good,7,80,65,35,80,50,65
Hammerhead,Joseph,,Bad,7,90,10,20,40,35,40
Hancock,John Hancock,John Hancock,Good,12,75,90,65,100,100,50
Happy Hogan,Happy Hogan,Harold Joseph,Good,6,85,10,10,10,15,50
Harbinger,Lyla Michaels,,Good,14,95,45,60,60,100,70
Harley Keener,,,Good,7,90,0,10,5,10,10
Hawkman (CW),Carter Hall,,Good,5,70,55,60,70,50,70
Harley Quinn (Arkham),Harleen Quinzel,Harleen Frances Quinzel,Bad,11,100,20,50,60,75,100
Harley Quinn (New 52),Harleen Quinzel,,Neutral,10,100,20,50,65,65,100
Harley Quinn,Harleen Quinzel,Harleen Francis Quinzel,Bad,8,95,10,35,65,55,80
Harrison Wells (CW),Harrison Wells,Harrison Wells,Good,9,100,10,25,20,15,70
Harry Osborn (Raimi Trilogy),Harold Osborn,Harold Osborn,Good,7,85,50,60,60,70,75
Harry Potter,Harry James Potter,,Good,15,90,5,20,10,100,50
Harumi,Harumi,,Bad,9,95,10,35,30,85,100
Harvey Bullock,,,,8,90,15,40,45,70,90
Hashirama Senju,,,Good,26,95,95,80,100,100,100
Havok (FOX),Alexander Summers,,Good,8,90,30,50,60,55,75
Hawkwoman III,Shayera Thal,Shayera Thal,Good,6,80,30,65,55,55,75
Havok,Alexander Summers,Alexander Summers,Good,6,80,10,25,60,70,45
Hawk (Titans),Hank Hall,Henry Hall,Good,4,75,15,35,50,45,85
Hawkeye II,Katherine Elizabeth Bishop,Katherine Elizabeth Bishop,Good,4,75,5,10,10,25,50
Hawkgirl (CW),Kendra Saunders,,Good,8,80,30,55,100,80,75
Hawkgirl,Kendra Saunders,Kendra Saunders,Good,20,85,80,90,100,100,90
HK-47,HK-47,,,-,0,0,0,0,0,0
Hawkwoman,Shayera Thal,Shayera Thall,Good,8,90,30,45,55,70,85
Heart Of The Monster Hulk,Bruce Banner,Bruce David Banner,Good,41,85,100,90,100,100,85
Hearthstone,Hearthstone,,,16,100,30,60,75,100,80
Heat Wave (CW),Mick Rory,Mick Rory,Good,4,75,15,30,45,40,85
Heat Wave,Mick Rory,Mick Rory,Bad,4,70,10,15,45,25,30
Heavy Metal,Faith,,Neutral,9,95,10,25,35,100,50
Heimdall (MCU),Heimdall,,Good,20,100,35,85,90,100,90
Hela,,,Bad,16,80,100,45,100,100,45
Hellboy (Injustice 2),Anung Un Rama,Anung Un Rama,Good,38,75,100,100,100,100,100
Hellboy,Anung Un Rama,Anung Un Rama,Good,28,75,55,50,100,100,100
Hellcat,Patricia Walker,Patricia Walker,Good,6,80,10,35,45,45,70
Hellfire (MCU),JT James,James Taylor James,Bad,4,75,10,20,25,55,75
Hellstorm,Daimon Hellstrom,Daimon Hellstrom,Good,18,65,30,10,65,100,25
Hepzibah,Hepzibah,Hepzibah,Good,-,0,0,0,0,0,0
Herald,Mal Duncan,Malcolm Arnold Duncan,Good,7,80,20,25,50,100,80
Hermione Granger,Hermione Granger,Hermione Jean Granger Weasley,Good,15,95,5,25,20,100,45
Highfather,Izaya,,Good,38,100,100,90,100,100,95
Hinata Hyūga,Hinata Hyūga,,Good,9,90,10,70,60,85,100
Hiruzen Sarutobi,,,Good,13,100,15,50,60,100,100
Hit-Girl,Mindy McCready,Mindy McCready,Good,5,80,5,30,20,25,65
Hit-Monkey,Unknown,,Neutral,7,85,15,50,45,70,85
Hive (MCU),Unknown,Unknown,Bad,16,90,30,40,100,100,100
Hogun (MCU),Hogun,Hogun,Good,5,70,60,60,75,70,90
Hollow,Monet St. Croix,Monet St. Croix,Good,-,0,0,0,0,5,0
Homelander,John,John,Bad,20,90,100,100,100,100,75
Honey Badger,Gabrielle Kinney,Gabrielle Kinney,Good,3,50,35,75,65,70,70
Hope Summers,Hope Summers,Hope Summers,Good,7,80,10,10,30,95,75
Hourman,Rex Tyler,Rex Tyler,Good,8,85,80,65,70,85,80
Howard The Duck,Howard,Howard,Good,10,90,10,40,40,100,90
Hugo Strange,Professor Hugo Strange,Professor Hugo Strange,Bad,10,100,15,35,45,75,85
Hulk (2003),Bruce Banner,,,15,95,100,60,80,100,90
Hulk 2099,John Eisenhart,,,16,95,100,70,80,100,60
Human Target,Christopher Chance,,Good,10,100,15,30,50,50,95
Hulk Earth-5901,Bruce Banner,Bruce Banner,Good,13,75,100,90,100,100,75
Hulk (Stark Gauntlet) (MCU),Bruce Banner,,Good,47,100,100,80,100,100,90
Hulk,Bruce Banner,Robert Bruce Banner,Good,34,60,100,85,100,100,85
Hulkling,Dorrek VIII,Dorrek VIII,Good,10,90,80,60,60,100,70
Human Torch (FOX),Jonathan Storm,Jonathan Storm,Good,7,75,15,75,50,100,65
Human Torch II,Jim Hammond,Jim Hammond,Good,8,90,15,35,60,55,45
Huntress (CW),Helena Bertinelli,,Good,7,90,10,45,30,20,100
Huntress (Injustice),Helena Rosa Bertinelli,Helena Rosa Bertinelli,Good,6,85,15,50,50,35,100
Hush,Thomas Elliot,Thomas Elliot,Bad,8,95,10,25,40,25,80
Indiana Jones,Indiana Jones,Henry Walton Jones Jr.,Good,6,85,10,15,30,20,30
Hybrid,Scott Washington,,Good,9,80,65,60,75,100,80
Hydro-Man,Morris Bench,Morris Bench,Bad,5,70,15,25,80,65,50
Iceman (FOX),Bobby Drake,,Good,6,80,35,50,60,70,65
Iceman,Bobby Drake,Robert Louis Drake,Good,10,80,30,55,100,100,65
Icon,Arnus,Augustus Freeman,Good,21,95,100,100,100,100,90
Immortal Hulk,Bruce Banner,Robert Bruce Banner,Neutral,46,90,100,90,100,100,85
Imperiex,Imperiex,,Bad,87,90,100,95,100,100,85
Impossible Man,,,Neutral,15,85,100,95,100,100,75
Incredible Hulk (Universal),Bruce Banner,,Good,17,95,100,75,100,100,85
Incubus (DCEU),Incubus,Incubus,Bad,11,65,80,50,95,100,80
Indigo,Iroque,,Neutral,11,90,65,50,50,100,50
Infernal Hulk,Bruce Banner,Robert Bruce Banner,Bad,25,75,100,100,100,100,75
Infinity Man,,,Good,34,100,100,100,100,100,80
Ink,Eric Gitter,Eric Gitter,Good,4,70,30,15,40,75,50
Ino Yamanaka,,,Good,7,80,10,35,40,100,85
Invincible,Markus Sebastian Grayson,Markus Sebastian Grayson,Good,15,85,100,100,95,100,80
Invisible Woman (FOX),Susan Storm,Susan Richards,Good,13,100,20,75,85,100,80
Iron Baron,Unknown,Unknown,Bad,13,100,10,40,50,100,50
Iron Destroyer,Tony Stark,Anthony Edward Stark,Good,28,100,100,85,100,100,85
Iron Fist (MCU),Danny Rand,Daniel Thomas Rand-K'ai,Good,4,70,35,60,45,55,100
Iron Fist,Danny Rand,Daniel Thomas Rand-K'ai,Good,8,90,55,35,50,95,100
Iron Man (MCU),Tony Stark,Anthony Edward Stark,Good,13,100,80,55,80,90,70
Iron Man (Model 45),Tony Stark,Anthony Edward Stark,Good,16,100,85,70,65,100,70
Iron Man (Sorceror Supreme),Doctor Anthony Stark,Anthony Edward Tony Stark,Good,60,100,85,70,100,100,65
Iron Man (Thorbuster),Tony Stark,,,22,100,100,85,100,100,75
Iron Man (Wild West),Tony Stark,Anthony 'Tony' Stark,Good,11,100,60,60,65,50,55
Iron Man,Tony Stark,Anthony Edward Stark,Good,14,100,85,70,60,100,60
Iron Monger (MCU),Obadiah Stane,,Bad,11,100,65,70,70,55,80
Iron Monger,Obadiah Stane,Obadiah Stane,Bad,10,95,65,25,90,55,55
IT,Pennywise the Dancing Clown,,Bad,16,90,50,45,80,100,50
Itachi Uchiha,Uchiha Itachi,Uchiha Itachi,Neutral,25,90,100,80,75,100,100
J. Jonah Jameson,"John Jonah Jameson, Jr.",,,7,95,10,10,10,5,5
Jack Bauer,Kiefer Sutherland,Kiefer Sutherland,Good,-,0,0,0,0,0,0
Jack Frost,Jackson Overland Frost,,Good,9,85,35,40,50,100,70
Jack-Jack,Jack-Jack Parr,Jac-jack Parr,Good,4,35,35,65,80,100,5
Jack Kirby,Jack Kirby,Jacob Kurtzberg,Good,11,100,0,10,15,85,5
Jack of Hearts,Jonathan Hart,Jonathan Hart,Good,8,80,55,100,30,75,30
Jack Sparrow,Jack Sparrow,,Neutral,4,75,10,30,50,45,85
Jacob Frye,Jacob Frye,,Good,7,90,10,40,35,65,100
Jaime Lannister,,,Good,2,60,10,45,35,10,90
James Bond (Craig),James Bond,James Bond,Good,8,95,15,15,35,25,90
James Gordon,,James,Good,8,95,10,15,20,25,45
James T. Kirk,James T. Kirk,James Tiberius Kirk,Good,6,85,10,15,30,30,75
Jane Foster (MCU),Jane Foster,Jane Foster,Good,9,100,10,15,10,15,40
Jango Fett,,,Bad,8,90,10,80,50,50,100
Jar Jar Binks,Jar Jar Binks,,Good,2,60,5,35,10,20,15
Jerome Valeska,Jerome Valeska,Jerome Valeska,Bad,8,90,10,25,60,75,80
Jay (The LEGO Ninjago Movie),Jay Gordon,Jay Walker Gordon,Good,8,85,10,35,30,100,100
Jay,Jay Gordon,Jay Gordon,Good,10,75,35,65,60,100,100
Jean Grey,Jean Grey,Jean Grey-Summers,Good,11,95,80,20,20,95,70
Jemma Simmons (MCU),Jemma Anne Simmons,Jemma Anne Simmons,Good,9,100,10,20,20,10,70
Jennifer Kale,Jennifer Kale,Jennifer Kale,Good,8,90,10,35,40,75,70
Jesse Custer,Jesse Custer,,Good,6,80,15,20,50,80,85
Jesse Quick (CW),Jesse Wells,Jesse Chambers Wells,Good,28,100,30,100,75,100,75
Jesse Quick,Jesse Chambers,Jessica Belle Chambers,Good,13,95,30,100,60,100,90
Jessica Jones,Jessica Campbell Jones Cage,Jessica Campbell Jones Cage,Good,6,80,45,50,70,20,55
Jestro,Jestro,Jestro,,10,90,10,30,65,100,60
Jigsaw (MCU),Billy Russo,William Russo,Bad,6,85,15,35,45,45,90
Jim Powell,Jim Powell,Jim Powell,Good,4,70,40,25,80,25,20
Jimmy Neutron,Jimmy Neutron,,Good,26,100,10,40,50,100,80
Jiraiya,,,Good,16,95,90,60,85,100,100
John Wraith,John Wraith,John Wraith,Good,8,90,10,35,30,85,80
JJ Powell,JJ Powell ,JJ Powell ,Good,7,95,10,10,10,15,10
Joe Wilson (CW),Joe Wilson,Joe Wilson,Bad,6,85,15,40,40,35,95
Johann Krauss,Johann Krauss,Johann Krauss,Good,9,85,20,70,60,100,50
John Constantine (Power Of Shazam),John Constantine,John Constantine,Good,82,100,100,100,100,100,75
John Constantine,John Constantine,John Constantine,Good,5,80,10,10,40,55,65
John Pilgrim (MCU),Robert Pilgrim,Robert Pilgrim,Neutral,6,85,15,35,45,40,90
Joker (Gotham),Jeremiah Valeska,,,10,100,10,15,60,50,70
Joker,Jack Napier,Jack Napier,Bad,10,100,10,10,60,45,70
Jolt,Helen Takahama,Helen Takahama,Good,5,80,10,25,30,30,40
Jonah Hex (CW),Jonah Hex,Jonah Hex,Good,6,85,15,30,35,40,80
Jonah Hex,,Jonah Woodson Hex,Good,4,70,15,30,40,40,85
Kid Flash,Wallace Rudolph West,Wallace Rudolph West,Good,4,65,5,90,40,20,30
Jor-El,Jor-El,,Good,9,100,10,15,10,15,30
Josiah Power,Josiah Power,Josiah Power,Good,-,0,0,0,0,0,0
Jubilee,Jubilation Lee,Jubilation Lee,Good,5,80,10,20,20,65,90
Juggernaut (FOX),Cain Marko,Cain Marko,Bad,14,65,50,70,85,100,85
Juggernaut,Cain Marko,Cain Marko,Neutral,28,70,100,65,100,100,75
Justice,Vance Astrovik,Vance Astrovik,Good,5,75,10,35,70,60,30
Justin Hammer,Justin Hammer,,Bad,9,100,10,15,10,10,15
Jyn Erso,Jyn Erso,,Good,-,0,0,0,0,0,0
K-2SO,,,Good,-,0,0,0,0,5,0
Kabuto Yakushi,Yakushi Kabuto,Yakushi Kabuto,Bad,15,85,100,85,80,100,100
Kilgrave (MCU),Kevin Thompson,Kevin Thompson,Bad,6,80,10,15,20,80,40
Kaecilius (MCU),Kaecilius,Kaecilius,Bad,16,85,20,50,55,100,100
Kaguya Ōtsutsuki,Ōtsutsuki Kaguya,Ōtsutsuki Kaguya,Bad,37,55,100,100,100,100,90
Kai (The LEGO Ninjago Movie),Kai,Kai,Good,8,85,10,60,55,85,100
Kakashi Hatake,Kakashi Hatake,,Good,12,95,15,85,60,100,100
King Shark,Nanaue,,Bad,8,75,90,50,90,85,40
Kale,Kale,Kale,Neutral,17,85,100,100,100,100,100
Kang,Nathaniel Richards,Nathaniel Richards,Bad,19,100,50,60,70,100,70
Kanto,Iluthin,Illuthin,Bad,17,90,60,65,90,100,100
Kapau,Kapau,Kapau,Bad,6,85,10,15,10,25,45
Kapau'rai,Kapau,Kapau,Bad,13,85,40,70,80,100,85
Karlof,Karlof,Karlof,Good,12,90,30,35,50,100,70
Karnak (MCU),Karnak Mander-Azur,Karnak Mander-Azur,Good,9,95,15,45,55,55,100
Karnak,Karnak Mander-Azur,,,8,90,30,65,50,40,90
Katana (CW),Tatsu Yamashiro,Tatsu Yamashiro,Good,4,70,10,45,35,40,100
Katana (DCEU),Tatsu Yamashiro,Tatsu Yamashiro,Good,4,70,10,50,40,55,100
Katana,Tatsu Yamashiro,,Good,6,80,10,50,40,60,95
Kathryn Janeway,Kathryn Janeway,Kathryn M. Janeway,Good,6,90,10,20,25,20,50
Kefla,Kale/Caulifla,Kale/Caulifla,Neutral,17,85,100,100,100,100,100
Kelex,,,Neutral,9,100,0,30,20,50,25
Kenshiro,Kenshiro,Kenshiro,Good,40,85,90,65,65,100,100
Kevin 11,Kevin Ethan Levin,Kevin Ethan Levin,Good,5,65,5,10,15,100,40
Klaw,Ulysses Klaw,Ulysses Klaw,Bad,7,80,40,35,100,60,60
KGBeast,Anatoli Knyazev,,Bad,4,70,20,30,50,65,95
Khanjikhan,Khanjikhan,Khanjikhan,Neutral,89,100,100,65,100,100,75
Kick-Ass,Dave Lizewski,Dave Lizewski,Good,3,70,10,25,35,20,55
Kid Colt,,,Neutral,7,90,10,20,15,15,65
Kid Flash (CW),Wally West,,Good,6,70,40,90,65,90,70
Kid Flash II,Bartholomew Allen II,Bartholomew Allen II,Good,12,90,30,100,60,100,75
Killer Bee,,,Good,14,75,95,70,95,100,100
Killer Croc (DCEU),Waylon Jones,,Bad,9,90,60,40,85,75,75
Killer Croc,Waylon Jones,Waylon Jones,Bad,4,60,55,35,90,55,60
Killer Frost (CW),Caitlin Snow,,Bad,4,70,15,65,35,30,55
Killer Frost,Caitlin Snow,,Bad,8,95,10,15,35,60,30
Knockout,,,Bad,19,90,80,60,100,100,100
Killian (MCU),Aldrich Killian,Aldrich Killian,Bad,11,100,50,60,70,80,90
Killmonger (MCU),Erik Stevens,"N''Jadaka (birth Name), Erik Stevens (legal Name)",Bad,8,85,60,60,80,80,95
Killow,Killow,Killow,Bad,6,85,25,40,50,65,35
Kilowog,,,Good,15,90,90,55,40,100,80
King Shark (CW),Shay Lamden,Shay Lamden,Good,13,80,85,70,95,100,75
King Thanos,Thanos,,Bad,78,100,100,80,100,100,95
Kingpin (MCU),Wilson Grant Fisk,,Neutral,5,80,20,50,65,20,60
Kingpin,Wilson Grant Fisk,Wilson Grant Fisk,Bad,6,90,20,25,40,15,70
Kisame,Kisame Hoshigaki,,Bad,16,85,95,75,95,100,100
Klaw (MCU),Ulysses Klaue,,Bad,6,85,15,40,40,35,70
Koko (The LEGO Ninjago Movie),Koko,Koko,Good,7,90,20,40,20,55,100
Kool-Aid Man,,,Good,2,65,20,10,10,10,15
Korg (MCU),Korg,,Good,6,70,75,60,90,80,85
Kraglin (MCU),Kraglin Obfonteri,,Bad,7,90,10,30,25,30,70
Kratos,,,Good,28,80,95,65,95,100,100
Kraven II,Alyosha Kravinoff,Alyosha Kravinoff,Bad,4,75,35,25,30,45,85
Kraven the Hunter,Sergei Kravinoff,Sergei Kravinoff,Bad,5,80,30,35,40,25,85
Kronos,Luke Castellan,,,18,90,65,60,60,100,80
Kruncha,Kruncha,Kruncha,Good,11,85,10,20,50,100,50
Krux,Krux,Krux,Bad,21,90,50,90,90,100,100
Krypto,Krypto the Superdog,Krypto the Superdog,Good,6,55,80,100,90,80,40
Lady Deadpool,Wanda Wilson,Wanda Wilson,Neutral,16,50,15,60,100,100,100
Kurse (MCU),Algrim,,,13,65,100,55,95,100,95
Kurse,Algrim,,Bad,15,85,100,60,95,100,90
Kylo Ren,Ben Solo,Ben Solo,Bad,14,80,50,30,35,100,90
Lady Blackhawk,Zinda Blake,Zinda Blake,Good,7,90,10,25,35,30,90
Lady Bullseye,Maki Matsumotu,,Bad,7,90,10,20,45,40,90
Lady Shiva,Sandra Wu-San,,Neutral,7,90,10,35,30,40,100
Lagoon Boy,,,Good,8,75,50,40,80,100,50
Laira,Laira Omoto,,Neutral,13,70,95,85,80,100,95
Lance Hunter (MCU),Lance Hunter,Amadeus Ravenclaw Lance Hunter,Good,6,85,15,40,35,35,85
Lantern Bleez,,,Neutral,12,70,90,60,50,100,70
Lar Gand,Mon-El,,Good,15,90,100,95,95,100,80
Lashina,,,Bad,20,95,100,95,100,100,100
Laufey (MCU),Laufey,,Bad,7,80,30,60,80,70,75
Laufey,Laufey,,Bad,8,90,10,35,60,70,50
Lauren Strucker (Fox),Lauren Strucker,Lauren Strucker,Good,5,75,10,20,15,85,55
Leader,Samuel Sterns,Samuel Sterns,Bad,10,100,10,10,15,60,40
Leech,,,Good,3,65,5,10,15,60,15
Legion,David Haller,David Charles Haller,Good,40,75,100,40,30,100,75
Legolas,Legolas Of Mirkwood,,Good,13,90,20,30,60,100,100
Leo Fitz (MCU),Leopold Fitz,Leopold James Fitz,Good,9,100,10,25,25,20,80
Leo Valdez,Leo Valdez,,Good,12,100,40,75,95,85,100
Leonardo (TMNT 2012),Leonardo,Leonardo,Good,7,90,10,35,50,55,100
Lex Luthor (DCEU),Alexander Joseph Luthor,"Alexander Joseph Luthor, Jr.",Bad,9,100,10,15,20,20,50
Lex Luthor (Injustice),Alexander Luthor,Alexander Lex Luthor,Bad,11,100,55,25,65,90,70
Lex Luthor,Lex Luthor,Alexander 'Lex' Joseph Luthor,Bad,10,100,55,25,65,70,70
Lightspeed,Julie Power,,Good,9,90,10,100,55,80,100
Life Entity,The Life Entity,,Good,∞,100,100,100,100,100,100
Light Lass,Ayla Ranzz,Ayla Ranzz,Good,4,70,10,35,30,65,40
Lightning Lad,Garth Ranzz,Garth Ranzz,Good,4,70,10,25,30,60,40
Lightning Lord,Mekt Ranzz,Mekt Ranzz,Bad,5,75,10,25,40,65,40
Lightray,Solis,,Good,19,95,85,100,90,100,80
Link,Link,Link,Good,69,100,80,75,75,100,100
Little Epic,Eilliott Kipp,Eilliott Kipp,Good,-,0,0,0,0,0,0
Little Krishna,Krishna,Krishna,Good,∞,100,100,100,100,100,100
Littlefinger,Petyr Baelish,,Neutral,6,85,5,20,15,5,15
Livewire (CW),Leslie Willis,Leslie Willis,Neutral,6,75,10,70,60,80,65
Livewire,Leslie Willis,Leslie Willis,Good,9,85,60,90,95,70,85
Living Brain,,,Bad,7,90,55,35,55,30,30
Living Totem,,,,15,95,100,75,100,70,65
Living Tribunal,,,Neutral,∞,100,100,100,100,100,100
Liz Sherman,Elizabeth Anne Sherman,Elizabeth Anne Sherman,Good,4,70,10,35,30,50,75
Lizard,Curtis Connors,Curtis Connors,Bad,6,75,50,60,70,75,55
Lloyd (The LEGO Ninjago Movie),Lloyd Garmadon,Lloyd Garmadon,Good,7,85,10,70,40,70,100
Lloyd,Lloyd Garmadon,Lloyd Montgomery Garmadon.,Good,17,100,30,60,75,100,100
Lobo,Lobo,,Neutral,19,95,100,55,100,100,85
Lockjaw,Lockjaw,Lockjaw,Good,5,70,30,90,50,60,30
Lodestone,Unknown,Unknown,Bad,-,0,0,0,0,0,0
Longshot,,,Good,5,75,10,25,10,70,70
Lord Garmadon,Garmadon,Garmadon,Neutral,11,75,65,60,70,100,65
Lord Of Cinder,Gwyn,,,12,85,60,50,75,100,80
Lord Voldemort,Tom Riddle,Tom Marvolo Riddle,Bad,23,100,5,15,15,100,85
Lorelei,Lorelei,,Bad,11,90,30,40,55,100,100
Lucifer (FOX),Samael,Lucifer Morningstar,Neutral,43,100,80,75,100,100,90
Lucius Malfoy,,,Bad,14,90,10,20,20,100,85
Luke Cage,Luke Cage,Luke Cage,Good,6,75,65,30,95,45,70
Luke Campbell,Luke Campbell,Luke Campbell,Bad,-,0,0,0,0,0,0
Luke Skywalker,Luke Skywalker,Luke Skywalker,Good,13,85,40,40,25,100,100
Luna,Luna Maximoff,Luna Maximoff,Good,5,70,5,85,15,55,15
Lyja,Lyja,Lyja,Good,-,0,0,0,0,15,0
M,Monet Yvette Clarisse Maria Therese St. Croix,Monet Yvette Clarisse Maria Therese St. Croix,Good,-,0,0,0,0,0,0
Mach-IV,Abner Jenkins,Abner Jenkins,Bad,8,90,35,60,85,60,55
Mad Harriet,,,Bad,19,95,100,95,100,100,100
Madame Xanadu,Nimue Inwudu,,Good,18,100,10,20,50,100,80
Madara Uchiha,Uchiha Madara,Uchiha Madara,Bad,66,90,100,100,100,100,100
Maestro Hulk,Bruce Banner,,Bad,35,100,100,85,100,100,85
Magneto (FOX),Erik Lehnsherr,,,9,90,35,60,80,85,70
Magneto,Erik Magnus Lensherr,Erik Magnus Lensherr,Bad,11,95,80,25,85,90,80
Magog,David Reid,David Reid,Good,6,75,50,25,65,65,70
Magus,,,Bad,17,95,100,70,100,100,75
Makkari,Makkari,Makkari,Good,46,75,65,100,85,100,80
Malekith (MCU),Malekith,,Bad,26,100,55,85,95,100,95
Malekith,Malekith,Malekith,Bad,15,95,85,50,80,100,50
Nergal,,,Bad,24,90,20,50,100,100,70
Mammoth,Baran Flinders,,Bad,6,80,60,75,70,40,40
Man-Bat,Robert Kirkland Langstrom,Robert Kirkland Langstrom,Neutral,4,70,20,50,70,35,30
Man Of Miracles,Mother Of Existence,Mother Of Existence,Neutral,∞,100,100,100,100,100,100
Man-Thing,Dr. Theodore Sallis ,Dr. Theodore Sallis ,Good,8,75,30,10,100,100,40
Man-Wolf,John Jameson,John Jameson,Good,6,80,45,35,40,45,70
Master Chen,Chen,Chen,Bad,9,100,10,20,15,65,20
Mandarin,Khan,Khan,Bad,12,100,30,25,30,100,95
Mantis (MCU),Mantis,,Good,5,75,15,40,35,55,70
Mantis,Mantis,,Bad,16,85,100,50,70,100,60
Maria Hill (MCU),Maria Hill,,Good,7,90,20,20,25,25,70
Mario,Mario Mario,Mario Mario,Good,62,75,100,100,100,100,55
Marrow,Sarah,Sarah,Good,-,0,0,0,0,0,0
Martian Manhunter,J'onn J'onzz,J'onn J'onzz,Good,26,100,95,90,100,100,85
Martinex,Martinex T'Naga,Martinex T'Naga,Good,-,0,0,0,0,0,0
Marvel Girl,Rachel Anne Summers,Rachel Anne Summers,Good,12,80,85,45,40,100,80
Master Brood,Currently Colin Wood,Currently Colin Wood,Good,-,0,0,0,0,60,0
Master Chief,John-117,John-117,Good,9,90,75,35,80,70,100
Master Hand,Master Hand,Master Hand,Bad,31,75,100,100,100,100,75
Match,Kent Connor,Kent Connor,Bad,14,90,95,85,85,100,70
Matt Parkman,Matthew Parkman,Matthew Parkman,Good,6,80,10,10,15,60,55
Maui,Maui,,Good,13,80,100,40,100,100,40
Maverick,Christopher Bradley ,Christopher Bradley ,Good,6,80,10,10,40,60,85
Maxima,,,Bad,11,90,90,35,55,85,75
Maximus (MCU),Maximus Boltagon,Maximus Boltagon,Bad,8,95,10,20,20,15,75
Maxwell Lord,,Maxwell Lord IV,Bad,11,100,10,20,50,85,75
Maya Herrera,Maya Herrera,Maya Herrera,Good,5,75,10,10,15,60,15
M'baku (MCU),M'Baku,M'Baku,Good,4,75,15,30,40,40,85
Medusa (MCU),Medusalith Amaquelin,Medusalith Amaquelin,Good,6,85,20,30,50,50,85
Melinda May (MCU),Melinda May,,Good,9,100,10,20,20,20,100
Meltdown,Tabitha Smith ,Tabitha Smith ,Good,4,70,10,10,40,60,65
Mephisto,Mephistopheles,,Bad,64,100,100,100,100,100,45
Might Guy,Might Guy,,Good,12,80,100,80,95,85,100
Mera (New 52),Mera,,Good,16,95,90,90,90,100,100
Mera,Mera,,Good,8,80,60,80,60,90,80
Mercy Graves,Mercedes Graves,,Bad,9,95,10,35,50,45,95
Merlin,Myrddin Emrys,,Good,50,95,10,20,100,100,60
Metallo,John Corben,John Corben,Bad,9,90,55,25,95,85,65
Mockingbird (MCU),Barbara Morse,Barbara Morse,Good,10,100,10,55,55,50,100
Metamorpho,Rex Mason,Rex Mason,Good,14,75,85,80,100,100,85
Metron,Metron,Metron,Good,11,95,10,45,55,100,30
Micah Sanders,Micah Sanders,Micah Sanders,Good,6,80,10,10,15,55,15
Michael Demiurgos,Michael Demiurgos,Michael Demiurgos,Neutral,∞,100,100,100,100,100,100
Micro Lad,Gim Allon,Gim Allon,Good,4,70,30,25,30,45,30
Nite Owl,Hollis Mason,Hollis Mason,Good,6,85,25,35,45,45,90
Mimic,Calvin Montgomery Rankin,Calvin Montgomery Rankin,Good,8,80,65,45,55,80,40
Minato Namikaze,,,Good,16,100,15,100,70,100,100
Mind Flayer,Mind Flayer,Mind Flayer,Bad,23,100,100,100,100,100,70
Minna Murray,Wilhelmina Harker,Wilhelmina Harker,Good,-,0,0,0,0,55,0
Mirage,Danielle Moonstar,Danielle Moonstar,Good,-,0,0,0,0,0,0
Mirror Master (CW),Sam Scudder,Samuel Scudder,Bad,4,70,15,25,35,55,75
Misako,Koko,Misako,Good,7,90,0,20,20,25,50
Misfit,Charlotte Gage-Radcliffe,Charlotte Gage-Radcliffe,Good,8,80,30,25,80,90,40
Miss Martian,M'gann M'orzz,M'gann M'orzz,Good,12,80,85,60,100,100,45
Mistake,Mistake,Mistake,Good,49,100,40,35,60,100,65
Mister Fantastic (FOX),Reed Richards,Reed Richards,Good,11,100,20,35,55,80,65
Mister Fantastic,Reed Richards,Reed Richards,Good,10,100,10,25,85,40,65
Mister Freeze,Victor Fries,Victor Fries,Bad,7,90,30,10,70,40,30
Mister Miracle,Scott Free,,Good,23,95,85,90,85,100,80
Monica Dawson,Monica Dawson,Monica Dawson,Good,5,75,10,35,15,50,90
Mister Mxyzptlk,Mr. Mxyzptlk,Mr. Mxyzptlk,Bad,58,100,100,100,100,100,50
Mister Sinister,Nathaniel Essex,Dr. Nathaniel Essex,Bad,22,100,50,45,90,100,50
Mister Terrific (CW),Curtis Holt,Curtis Holt,Good,10,100,15,40,35,50,80
Misty Knight (MCU),Mercedes Kelly,Mercedes Kelly Knight,Good,7,90,30,35,35,50,90
Misty Knight,Mercedes 'Misty' Knight,Mercedes 'Misty' Knight,Good,5,75,60,25,45,65,75
Mockingbird,Barbara Morse,Barbara Morse,Good,7,90,30,40,20,50,95
MODOK,George Tarleton,,Bad,10,100,20,25,25,80,15
Mogo,Mogo,Mogo,Good,37,100,100,75,100,100,65
Mohinder Suresh,Mohinder Suresh,Mohinder Suresh,Good,-,0,0,0,0,0,0
Moloch,Edgar William Jacobi,Edgar William Jacobi,Bad,-,0,0,0,0,0,0
Molten Man,Mark Raxton,Mark Raxton,Bad,6,75,75,25,85,55,55
Mon-El (CW),Mon-El,,Good,13,100,65,100,100,65,85
Monarch,Nathaniel Christopher Adam,Nathaniel Christopher Adam,Good,54,95,100,95,100,100,100
Mongul The Elder,Mongul,,Bad,20,90,100,60,100,100,100
Mongul,Mongul II,,Bad,17,90,100,70,100,100,95
Monstrox,Monstrox,Monstrox,Bad,126,100,100,75,100,100,75
Moon Knight,Marc Spector,Marc Spector ,Good,4,75,35,25,40,30,75
Moonstone,Karla Sofen,Dr. Karla Sofen,Bad,7,80,65,45,50,85,80
Morbius,Michael Morbius,Dr. Michael Morbius,Good,25,100,20,50,60,100,65
Morlun,Morlun,Morlun,Bad,6,80,60,35,40,75,55
Morro,Morro,Unknown,Neutral,21,100,50,80,100,100,90
Morty Smith,Morty Smith,,Good,3,65,10,25,40,70,40
Moses Magnum,Moses Magnum,Moses Magnum,Bad,7,90,30,10,40,55,55
Mr Incredible,Robert Parr,Robert Parr,Good,7,75,85,35,95,30,40
Mr.Krabs,Eugene Krabs,Eugene Harold Krabs,Neutral,9,95,55,10,100,55,75
Ms. America,America Chavez,,Good,13,95,50,70,85,100,85
Ms Marvel II,Sharon Ventura,Sharon Ventura,Good,5,70,65,25,85,10,55
Multiple Man,James Arthur,James Arthur,Good,6,80,10,25,70,30,60
Music Meister (CW),Unknown,Unknown,Neutral,15,100,10,25,20,100,60
Mysterio,Quentin Beck,Quentin Beck,Bad,8,90,10,15,40,80,70
Mystique (FOX),Raven Darkhölme,,Bad,10,95,25,50,50,95,100
Mystique,Raven Darkholme,Raven Darkholme,Bad,7,85,20,50,50,75,90
Nadakhan,Nadakhan The Djinn,Nadakhan,Bad,163,95,75,85,100,100,75
Nagato Uzumaki,Nagato Uzumaki,,Neutral,29,70,55,50,80,100,70
Namor,Namor McKenzie,Namor McKenzie,Good,11,85,95,60,70,75,85
Neron,,,Bad,54,95,100,90,100,100,90
Namora,Aquaria Nautica Neptunia,Aquaria Nautica Neptunia,Good,6,75,85,40,40,50,65
Namorita,Namorita Prentiss,Namorita Prentiss,Good,6,75,70,45,70,35,70
Naruto Uzumaki,Uzumaki Naruto,Uzumaki Naruto,Good,27,70,100,100,100,100,100
Nathan Petrelli,Nathan Petrelli,Nathan Petrelli,Good,-,0,0,0,0,0,0
Neuro,Neuro,Neuro,Good,13,100,10,20,20,100,70
Nebula (MCU),Nebula,,Neutral,8,85,20,50,55,100,100
Negasonic Teenage Warhead (FOX,Ellie Phimister,Ellie Phimister,Good,5,80,10,25,15,55,55
Negasonic Teenage Warhead,Ellie Phimister,,Good,4,75,5,10,10,45,35
Neji,Neji Hyuga,,Good,8,90,10,60,35,65,100
Nekron,Nekron,Nekron,Bad,80,90,100,75,95,100,100
Nick Fury,Nicholas Joseph Fury,Nicholas Joseph Fury,Good,6,90,10,25,40,25,100
Night King,,,Bad,13,85,35,30,90,100,85
Night Thrasher,Dwayne Taylor,Dwayne Taylor,Good,-,0,0,0,0,0,0
Nightcrawler (FOX),Kurt Wagner,Kurt Wagner,Good,4,70,10,60,20,75,85
Nightcrawler,Kurt Wagner,Kurt Wagner,Good,5,75,10,45,15,75,80
Nighthawk,Kyle Richmond,Kyle Richmond,Good,-,0,0,0,0,0,0
Nightshade,Eve Eden,,Neutral,12,85,10,35,65,100,65
Nightwing (Arkham),Dick Grayson,Richard Dick John Grayson,Good,8,90,20,80,45,50,95
Nightwing (New 52),Dick Grayson,Richard John Grayson,,6,85,10,55,45,40,95
Niki Sanders,Nicole Sanders,Nicole Sanders,Good,6,80,50,35,30,35,55
Nina Theroux,,,Good,6,80,5,10,10,70,20
Nite Owl II,Daniel Dreiberg,Daniel Dreiberg,Good,6,85,25,40,40,60,80
Nobu (MCU),Nobu Yoshioka,Nobu Yoshioka,Bad,5,80,15,50,50,60,100
Nomad (MCU),Steve Rogers,Steven Grant Rogers,Good,8,90,35,60,65,65,100
Nora Darhk (CW),Eleanor Darhk,Eleanor Darhk,Neutral,14,80,10,25,30,100,80
Northstar,Jean-Paul Beaubier,Jean-Paul Beaubier,Good,6,75,20,85,55,65,70
Nuckal,Nuckal,None,Bad,6,10,10,10,100,100,55
Overtkill,Nicholas Rocca,Nicholas Rocca,Bad,-,0,0,0,0,5,0
Nya (The LEGO Ninjago Movie),Nya,Nya,Good,9,95,10,20,15,80,70
Nya (Water Ninja),Nya,Nya,Good,12,100,15,40,45,100,100
Nyssa Al Ghul (CW),Nyssa Raatko,Nyssa Raatko,Good,6,85,15,50,40,50,100
Nyssa Raatko,,,Bad,5,85,15,20,25,30,100
Obito Uchiha,Uchiha Obito,Uchiha Obito,Bad,65,85,100,90,100,100,100
Ocean Master (DCEU),Orm Marius,Orm Curry Marius,Bad,9,85,50,85,80,85,90
Ocean Master,Orm Curry Marius,,Bad,13,90,75,70,75,100,80
Offspring,Luke O'Brian,Luke O'Brian,Good,9,75,10,35,100,100,55
Old King Thor,Thor Odinson,Thor Odinson,Good,100,100,100,100,100,100,100
Old Man Logan (FOX),James Howlett,James Howlett,Good,7,85,30,35,75,75,95
Paul Blart,Paul Blart,,Good,1,45,10,20,50,5,5
Omac,O.M.A.C. Prime,O.M.A.C. Prime,Bad,19,100,100,85,90,100,100
Omega Red,Arkady Gregorivich,Arkady Gregorivich,Bad,6,75,40,60,75,80,90
Omega,The Omega,Omega,Bad,108,80,100,80,85,100,90
Omni-Man,Nolan Grayson,Nolan Grayson,Good,26,90,100,100,100,100,90
Omniscient,Omniscient is the closest English word that compares to his alien tongue.,Omniscient is the closest English word that compares to his alien tongue.,Good,-,0,0,0,0,50,0
One-Above-All,The One-Above-All,The One-Above-All,Neutral,125,100,100,100,100,100,100
One Punch Man,Saitama,,Good,10,60,100,95,100,65,65
Onslaught,Onslaught,Onslaught,Bad,82,95,100,85,100,100,75
Oracle,Barbara Gordon,Barbara Gordon,Good,7,90,10,20,25,20,75
Orochimaru,,,Bad,19,100,80,60,65,100,100
Owlman,Thomas Wayne Jr.,,Bad,10,100,15,30,50,55,95
Pandora,Pandora,,Neutral,31,95,10,60,80,100,100
Parademon,,,Bad,2,55,30,15,50,55,25
Parasite (CW),Rudy Jones,Rudy Jones,Bad,10,85,80,60,95,90,70
Parasite,Rudolph C. Jones,,Bad,5,70,50,20,50,95,80
Peggy Carter (MCU),Margaret Carter,Margaret Elizabeth Carter,Good,8,95,10,35,40,35,95
Penance II,Robert Baldwin,Robert Baldwin,Good,7,90,20,50,50,25,55
Penguin,Oswald Cobblepot,Oswald Chesterfield Cobblepot,Bad,8,95,10,15,35,45,45
Penny,William Adiyodi,,Good,15,90,10,10,10,100,45
Percy Jackson (FOX),,Perseus Jackson,Good,10,80,40,70,70,100,85
Percy Jackson,Percy Jackson,Perseus Jackson,Good,20,90,80,80,100,100,100
Peter Petrelli,Peter Petrelli,Peter Petrelli,Good,40,70,55,100,100,100,95
Phantom Girl,Tinya Wazzo,Tinya Wazzo,Good,4,70,10,25,30,55,40
Phantom Lady,Stormy Knight,,Good,10,100,10,30,35,70,100
Phantom Rider,Carter Slade,,Good,8,90,10,35,40,55,75
Pied Piper (CW),Hartley Rathaway,Hartley Rathaway,Good,9,100,10,20,15,55,65
Pinhead,Elliott Spencer,,Bad,21,90,30,15,80,100,25
Piper McLean,Piper McLean,,,12,95,65,85,80,100,90
P.I.X.A.L.,Primary Interactive X-ternal,Primary Interactive X-ternal Assistant Life-form,Good,12,100,10,10,25,100,80
Plantman,Samuel Smithers,,Bad,6,80,60,25,55,60,25
Plastic Man,Patrick O'Brian,Patrick O'Brian,Good,10,75,65,25,100,100,55
Plastique,Bette Sans Souci,Bette Sans Souci,Bad,5,75,10,25,30,60,40
Platinum,Platinum,,Good,9,95,20,20,70,50,50
Poison Ivy (Arkham),Pamela Isley,Pamela Lillian Isley,Bad,11,95,15,55,70,100,75
Poison Ivy (New 52),Pamela Isley,Pamela Lillian Isley,Bad,10,95,30,30,30,100,100
Poison Ivy,Pamela Isley,Pamela Lillian Isley,Bad,10,90,15,30,70,100,70
Polaris (Fox),Lorna Dane,Lorna Dane,Good,7,80,10,30,25,100,70
Polaris,Lorna Dane,Lorna Sally Dane,Good,8,80,75,40,50,100,45
Portal,Charles Little Sky,Charles Little Sky,Good,-,0,0,0,0,0,0
Professor Dumbledore,Albus Dumbledore,Albus Percival Wulfric Brian Dumbledore,Good,31,100,5,65,65,100,90
Power Girl (New 52),Kara Zor-L,,Good,15,95,100,90,100,75,80
Power Girl,Kara Zor-L,Kara Zor-L,Good,18,95,100,100,100,100,75
Power Ring,Harold Jordan,,Bad,15,90,100,100,100,100,70
Powerboy,,,Good,11,85,65,60,75,100,85
Predator,Yautja,Yautja,Bad,8,80,30,25,85,100,90
Preeminent,The Preeminent,The Preeminent,Bad,70,70,100,50,100,100,25
Professor Severus Snape,Severus Snape,,Good,23,100,5,20,20,100,90
Professor X (FOX),Charles Francis Xavier,Charles Francis Xavier,Good,13,100,10,10,15,100,60
Professor X,Charles Francis Xavier,Charles Francis Xavier,Good,11,100,10,10,15,100,30
Professor Zoom,Eobard Thawne,Eobard Thawne,Bad,11,95,10,100,20,85,20
Prometheus (CW),Adrian Chase,Simon Morrison,Bad,10,100,15,45,50,50,100
Proto-Goblin,Nels Van Adder,Nels Van Adder,Bad,5,80,40,25,50,20,30
Proxima Midnight (MCU),Proxima Midnight,Proxima Midnight,Bad,6,75,55,65,65,70,95
Proxima Midnight,,,,12,90,85,70,80,100,95
Psimon,Simon Jones,,Bad,11,95,30,40,35,100,65
Psylocke,Elizabeth Braddock,Elizabeth Braddock,Good,8,80,35,25,40,100,90
Puck,Eugene Milton Judd,Eugene Milton Judd,Good,10,85,50,65,90,100,100
Puma,Thomas Fireheart,Thomas Fireheart,Bad,-,0,0,0,0,0,0
Punisher,Frank Castle,Francis Castiglione,Good,6,85,15,20,45,40,100
Purple Man,Zebediah Killgrave,Zebediah Killgrave,Bad,6,80,10,10,30,90,10
Pyro (FOX),St. John Allerdyce,,Bad,4,75,10,15,15,45,30
Pyro,St. John Allerdyce,St. John Allerdyce,Bad,4,70,10,10,15,55,30
Pythor,Pythor,Pythor P. Chumsworth,Bad,20,95,45,70,55,100,65
Quake (MCU),Daisy Johnson,Daisy Johnson,Good,11,100,30,55,65,60,50
Quake,Daisy Johnson,Daisy Louise Johnson,Good,9,90,40,50,45,80,90
Quantum,,,Good,-,0,0,0,0,0,0
Queen Hippolyta,Hippolyta,Hippolyta,Good,12,100,55,55,65,100,100
Question,Charles Szasz,Charles Victor Szasz,Good,8,95,10,25,35,25,85
Qui-Gon Jinn,,,Good,13,90,55,35,45,100,100
Quicksilver,Pietro Django Maximoff,Pietro Django Maximoff,Good,8,80,30,100,60,80,55
Quill,Maxwell Jordan,Maxwell Jordan,Good,3,70,10,10,15,25,15
Rachel Pirzad,,,Good,5,80,5,10,10,50,10
Ragman (CW),Rory Regan,Rory Regan,Good,6,75,30,35,90,75,70
Ragnarok,Ragnarok,/,Neutral,27,100,100,100,100,100,100
Raiden,Jack,Jack,Good,30,100,85,65,50,100,100
Rainbow Rider,Roy G. Bivolo,,Bad,7,90,10,70,35,25,45
Rambo,John Rambo,John J. Rambo,Good,5,80,15,25,30,30,100
Raphael (TMNT 2012),Raphael,Raphael,Good,5,80,15,35,65,45,100
Ra's Al Ghul (CW),Unknown,Unknown,Bad,7,90,20,50,50,60,100
Razor-Fist II,Douglas Scott,Douglas Scott,Bad,-,0,0,0,0,5,0
Ra's Al Ghul (Dark Knight),Ra's Al Ghul,Ra's Al Ghul,Neutral,8,95,10,30,40,30,100
Ra's Al Ghul,Ra's Al Ghul,Ra's Al Ghul,Bad,9,100,30,30,40,25,100
Raven (Titans),Rachel Roth,Rachel Roth,Good,15,70,10,30,30,100,50
Rawhide Kid,Johnny Bart,,Good,7,90,10,30,20,15,65
Ray,Ray,Ray,Good,8,90,15,25,30,85,100
Reactron,Ben Krullen,Benjamin K. Krullen,Bad,-,0,0,0,0,20,0
Red Arrow,Roy Harper,"Roy William Harper, Jr.",Good,5,80,15,25,20,25,80
Red Death,Bruce Wayne,,Bad,23,100,50,100,60,100,60
Red Hood (New 52),Jason Todd,Jason Peter Todd,Neutral,7,90,15,30,45,40,100
Red Hulk (Ghost Rider) (Venom),Thaddeus Ross,Thaddeus E. Ross,Neutral,35,75,100,100,100,100,75
Red Hulk,Thaddeus E. Ross,Thaddeus E. Ross,Neutral,11,75,100,45,85,80,75
Red Mist,Chris Genovese,Chris Genovese,Bad,3,65,10,25,15,20,55
Red Robin,Tim Drake,Timothy Jackson Drake,Good,7,90,10,25,30,30,80
Red Skull (MCU),Johann Shmidt,,Bad,10,95,45,40,40,95,65
Red Skull,Johann Shmidt,Johann Shmidt,Bad,6,90,10,10,15,20,80
Reign,,,Bad,12,75,100,95,90,90,85
Red Sonja,Sonja,,,5,80,10,30,40,30,100
Red Tornado (CW),,,,17,100,100,100,90,70,70
Red Tornado,Lois Lane,,Good,19,100,100,100,85,100,70
Red Wolf,William Talltrees,,,8,90,35,25,50,55,50
Redeemer II,Phil Timper,Phil Timper,Bad,-,0,0,0,0,30,0
Redeemer III,Eddie Frank,Eddie Frank,Bad,-,0,0,0,0,5,0
Renata Soliz,,,Good,-,0,0,0,0,0,0
Resurrection Spawn,Al Simmons,Albert Francis Simmons,Good,25,75,80,75,100,100,100
Rev-9,Terminator,,Bad,-,0,0,0,0,0,0
Reverse Flash (CW),Eobard Thawne,,Bad,12,95,30,80,65,100,75
Reverse Flash (New 52),Daniel West,,Good,16,95,35,100,80,100,90
Rey,Rey,Rey Palpatine,Good,14,65,35,25,25,100,70
Rhino,Aleksei Mikhailovich Sytsevich,Aleksei Mikhailovich Sytsevich,Bad,5,65,80,45,90,35,85
Rick Flag,Richard Rogers Flag,Richard Rogers Flag,Bad,8,95,10,25,30,20,95
Rick Sanchez,Rick Sanchez,Rick Sanchez,Neutral,19,100,10,20,55,100,80
Rictor,,,Good,-,0,0,0,0,0,0
Riddler,Edward Nigma,Edward Nigma,Bad,9,100,10,10,15,10,15
Riot (SONY),Carlton Drake,,Bad,10,80,70,60,90,100,85
Rip Hunter,Richard Hunter,,Good,11,100,10,10,10,100,25
Ripcord,Miranda Leevald,Miranda Leevald,Good,-,0,0,0,0,0,0
Robin II,Jason Todd,Jason Peter Todd,Good,6,90,10,25,30,30,85
Robin III (Arkham),Tim Drake,Timothy Jackson Drake,Good,8,95,10,30,30,35,85
Robin III,Tim Drake,Timothy Jackson Drake,Good,7,90,10,25,30,30,85
Robin (Titans),Jason Todd,Jason Todd,Good,5,80,10,45,45,40,100
Robin V,Damian Wayne,Damian Wayne,Good,6,85,10,35,15,30,65
Robin VI,Carrie Kelley,Carrie Kelley,Neutral,4,75,10,25,20,15,70
Robin,Dick Grayson,Richard John Grayson,Good,8,95,10,25,30,30,85
Robocop,Alex Murphy,Alexander James Murphy,Good,7,90,30,15,80,55,50
Robotman,Clifford Steele,Clifford Cliff Steele,,10,100,50,50,55,65,60
Rock Lee,Rock Lee,,Good,8,70,90,50,70,75,100
Rocket Raccoon (MCU),Rocket Raccoon,,Good,9,95,15,60,45,45,80
Rocket Raccoon,Rocket Raccoon,Rocket Raccoon,Good,4,75,5,25,30,30,65
Rocket,Raquel Ervin,,,6,80,30,35,65,65,85
Ronin,Clint Barton,Clinton Francis Barton,Good,5,80,10,20,10,15,80
Rogue (FOX),Anna Marie,Marie D'Ancanto,Good,9,90,20,45,45,90,85
Rogue,Anna Marie,Anna Marie,Good,8,90,10,10,30,80,80
Ronan The Accuser (MCU),Ronan,,,8,80,70,60,70,90,95
Ronin (MCU),Clint Barton,Clinton Francis Barton,Good,7,90,15,40,40,45,95
Ronin (Ninjago),Ronin,Ronin,Neutral,9,100,10,20,15,75,100
Shadow Lass,Tasmia Mallor,,Good,6,80,10,65,20,80,80
Rorschach,Walter Joseph Kovacs,Walter Joseph Kovacs,Good,6,90,10,30,20,25,80
Ruby Thursday,Thursday Rubinstein,Thursday Rubinstein,Bad,-,0,0,0,0,0,0
Sabretooth (FOX),Victor Creed,,Bad,9,80,70,65,90,100,90
Sabretooth,Victor Creed,Victor Creed,Bad,6,80,50,40,90,50,100
Sage,Tessa,Tessa,Good,6,90,10,10,15,30,55
Sai,,Sai Yamanaka,Good,6,70,30,60,50,95,95
Saint Of Killers,,,Bad,19,90,20,20,100,100,90
Sakura Haruno,Haruno Sakura,Haruno Sakura,Good,14,70,100,100,75,100,100
Sam Winchester,Sam Winchester,Samuel Winchester,Good,7,90,15,25,50,40,85
Samukai,Samukai,Samukai,Bad,11,50,65,40,60,100,80
Spider-Man (Raimi Trilogy),Peter Parker,Peter Benjamin Parker,Good,6,80,55,60,40,70,40
Samurai Mech(Stone Army),Garmadon,Garmadon,Bad,12,100,45,45,60,100,80
Samurai X,Primary Interactive X-ternal,Primary Interactive X-ternal,Good,17,100,30,20,25,100,100
Sandman (SONY),Flint Marko,Flint Marko,Neutral,15,70,75,70,95,100,70
Sandman,Wesley Dodds,Wesley Bernard Dodds,Good,8,90,40,35,45,65,95
Sarab (CW),Maseo Yamashiro,Maseo Yamashiro,Neutral,5,80,15,45,45,40,100
Sasquatch,Walter Langkowski,Walter Langkowski,Good,8,90,80,25,55,15,40
Sasuke Uchiha,Uchiha Sasuke,Uchiha Sasuke,Good,33,75,100,100,100,100,100
Saturn Girl (CW),Imra Ardeen,Imra Ardeen,Good,7,80,35,30,40,90,75
Savage Dragon,Kurr,Kurr,Good,7,80,70,55,85,65,70
Scarlet Spider II,Kaine Parker,Kaine Parker,Good,8,95,55,60,40,35,55
Scorpia,Elaine Coll,Elaine Coll,Bad,4,70,30,40,30,35,30
Scorpion (injustice),Hanzo Hasashi,,,13,90,30,80,65,100,100
Sharon Carter,Sharon Carter,Sharon Carter,Good,9,95,10,20,40,55,60
Scorpion,Hanzo Hasashi,,Neutral,19,90,10,60,60,100,100
Screaming Mimi,,,Good,-,0,0,0,0,0,0
Sea King,Unknown,,Bad,12,95,75,80,80,100,100
Sebastian Shaw (FOX),Sebastian Hiram Shaw,Sebastian Hiram Shaw,Bad,12,100,75,25,90,85,50
Selene,Selene,,Good,10,75,85,65,75,100,85
Sensei Garmadon,Garmadon,Garmadon,Good,10,100,30,35,40,55,95
Sensei Yang,Kodokuna Yang,Kodukuna Yang,Neutral,94,100,40,35,85,100,100
Sentry,Robert Reynolds,Robert Reynolds,Good,41,90,100,100,100,100,45
Shade,Shade,Shade,Good,11,85,10,45,60,100,95
Shades (MCU),Herman Enrique Salazar Alvarez,Herman Enrique Salazar Alvarez,Bad,7,90,20,30,40,35,85
Shadow King,Amahl Farouk,Amahl Farouk,Good,11,90,10,25,100,100,75
Shadow The Hedgehog (Pre-Wave),Shadow The Hedgehog,Shadow The Hedgehog,Neutral,50,75,100,100,100,100,50
Shadowcat (FOX),Katherine Anne Pryde,,Good,10,100,20,45,55,45,90
Shadowcat,Kitty Pryde,Katherine Pryde,Good,8,95,10,20,25,70,70
Shang-Chi,Shang-Chi,Shang-Chi,Good,5,80,10,30,50,30,100
Shao Kahn,Shao Kahn,Shao Kahn,Bad,75,50,50,75,75,100,95
Shatterstar,Gaveedra Seven,Gaveedra Seven,Good,6,80,50,45,65,50,85
Shazam (DCEU),Billy Batson,William Batson,Good,18,100,100,100,100,95,95
Shazam,Billy Batson,William Joseph Batson,Good,24,95,100,90,95,100,75
She-Hulk,Jennifer Walters,Jennifer Walters,Good,19,85,100,80,100,100,80
Sherlock Holmes,Sherlock Holmes,Sherlock Holmes,Good,10,100,35,30,35,75,85
Shikamaru,Shikamaru Nara,,Good,11,100,10,50,75,85,100
Shin Godzilla,Gojira,,Neutral,21,75,100,65,100,100,20
Shisui Uchiha,Uchiha Shisui,Uchiha Shisui,Neutral,14,90,15,85,60,100,100
Shocker,Herman Schultz,Herman Schultz,Bad,7,80,10,25,70,80,55
Shriek,Frances Louise Barrison,Frances Louise Barrison,Good,4,75,10,25,30,50,40
The Lizard (SONY),Curtis Connors,,Bad,11,90,85,75,85,65,80
Shuri (MCU),Shuri,,Good,8,90,10,45,100,40,95
Sif (MCU),Sif,,Good,14,90,95,70,85,100,90
Sif,Sif,Sif,Good,12,80,90,65,80,100,70
Silk Spectre II,Laurel Juspeczyk,Laurel Juspeczyk,Good,5,75,35,45,35,60,95
Silk Spectre,Sally Juspeczyk,Sally Juspeczyk,Good,4,75,25,45,40,25,90
Silk,Cindy Moon,,Good,8,90,50,70,70,70,65
Silver Banshee (CW),Siobhan Smythe,Siobhan Smythe,Bad,5,75,30,30,20,60,65
Silver Banshee,Siobhan McDougal,,Bad,9,75,15,75,75,100,70
Silver Samurai (FOX),Ichirō Yashida,Ichirō Yashida,Bad,8,90,60,30,80,75,85
Silver Surfer,Norrin Radd,Norrin Radd,Good,47,80,100,100,90,100,30
Silverclaw,Maria de Guadalupe Santiago,Maria de Guadalupe Santiago,Good,4,75,30,35,40,35,40
Sinestro,Thaal Sinestro,Thaal Sinestro,Neutral,12,90,85,55,65,100,55
Siren II,La Sirene la Bailene,La Sirene la Bailene,Bad,-,0,0,0,0,5,0
Sirius Black,Sirius Black,,Good,17,90,10,20,20,100,90
Siryn,Theresa Rourke Cassidy,Theresa Rourke Cassidy,Bad,4,70,10,45,30,50,40
Skaar,,,Good,25,85,100,85,100,100,85
Solid Snake,David Hayter,,Good,16,100,80,50,50,100,100
Skales Jr,Skales Jr,Skales Jr,Good,7,85,10,25,25,100,25
Skales,Skales,Skales,Neutral,20,100,60,65,80,100,85
Skalidor,Skalidor,,Neutral,7,60,85,50,80,100,80
Skeletor,Keldor,Keldor,Bad,35,100,95,100,75,100,85
Solomon Grundy,Cyrus Gold,Cyrus Gold,Bad,7,55,95,15,100,90,30
Skids,Sally Blevins,Sally Blevins,Good,-,0,0,0,0,0,0
Slapstick,Steve Harmon,Steve Harmon,Good,-,0,0,0,0,0,0
Slenderman,The Slender Man,The Slender Man,Bad,65,100,20,100,100,100,50
Snake-Eyes,,,Bad,-,0,0,0,0,0,0
Snowbird,Narya,Narya,Good,5,75,30,25,40,70,50
Soranik Natu,Soranik Sinestro,,Neutral,12,80,90,50,55,100,55
Solomon Kane,Solomon Kane,,Good,4,70,15,30,45,50,55
Solovar,Solovar,,Good,10,90,50,40,70,100,100
Songbird,Melissa Joan Gold,Melissa Joan Gold,Good,7,90,35,25,40,55,55
Sonic The Hedgehog,Sonic,Olgilvie Maurice Hedgehog,Good,53,75,50,100,75,100,55
Sonya Blade,,,Good,6,80,15,65,50,55,100
Soundwave,Soundwave,Soundwave,Bad,12,100,80,65,95,80,95
Space Ghost,Thaddeus Bach,Thaddeus Bach,Good,5,70,20,35,40,95,80
Spartan,John Diggle,John Thomas Diggle,Good,6,85,15,35,45,50,95
Spawn,Al Simmons,Al Simmons,Good,19,90,70,50,100,100,100
Spectre Oversoul,Aztar,Aztar,Good,∞,100,100,100,100,100,80
Speedball,Robert Baldwin,Robert Baldwin,Good,-,0,0,0,0,15,0
Speedy,Thea Queen,Thea Dearden Queen,Good,4,75,5,35,20,25,70
Spider-Gwen,Gwen Stacy,Gwendolyne Stacy,Good,8,90,55,65,70,65,70
Spider-Ham,Peter Porker,,Good,8,90,40,60,55,60,100
Spider-Man (Black) (Raimi),Peter Benjamin Parker,Peter Benjamin Parker,Good,9,90,55,65,70,70,80
Spider-Man Noir,Peter Parker,,Good,11,100,55,70,75,75,95
Spider-Man (Ultimate),Peter Parker,Peter Benjamin Parker,Good,8,85,40,60,55,100,50
Spider-Woman IV,Charlotte Witter,Charlotte Witter,Bad,5,70,65,60,55,65,60
Spider-Woman,Jessica Drew,Jessica Drew,Good,6,80,40,40,60,70,70
Spike,William Pratt,William Pratt,Neutral,22,100,15,50,65,100,100
Spitfire,Jacqueline Falsworth,,Good,9,90,30,90,60,45,100
Splice,Unknown,Unknown,Bad,-,0,0,0,0,0,0
Spock,S'chn T'gai Spock,,Good,7,90,20,15,40,55,40
Sportsmaster,Lawrence Crock,Lawrence Crock,Bad,5,80,10,20,40,35,95
Spyke,Evan Daniels,Evan Daniels,Good,5,75,10,15,60,50,30
Stan Pines,Stanley Pines,,Good,10,100,10,20,60,55,75
Star-Lord (Celestial Power MCU),Peter Quill,Peter Jason Quill,Good,15,85,70,65,100,100,85
Star-Lord,Peter Quill,Peter Jason Quill,Good,6,85,20,35,50,25,70
Star Sapphire,Carol Ferris,,Good,14,90,55,75,70,100,70
Stardust,,,Good,22,95,85,100,100,100,85
Starfire (Titans),Koriand'r,Koriand'r,Good,8,90,50,40,70,75,90
Starfire,Koriand'r,Koriand'r,Good,13,80,90,100,85,100,75
Stargirl,Courtney Whitmore,Courtney Whitmore,Good,9,80,80,50,90,100,70
Thundra,Thundra,Thundra,Good,5,70,80,30,65,25,55
Starling,Evelyn Crawford,,Good,6,85,10,15,25,20,85
Starro The Star Conqueror,Star-Ro,,,14,90,50,70,100,100,80
Static,Virgil Hawkins,Virgil Ovid Hawkins,Good,8,85,10,40,50,90,40
Steel (1997),John Irons,John Henry Irons,Good,7,85,30,30,75,65,65
Steel Serpent (MCU),Davos,Davos,Bad,4,70,15,50,40,45,100
Steel Serpent,Davos,,Bad,6,80,30,65,50,80,70
Steel,John Irons,John Henry Irons,Good,10,90,80,55,90,65,65
Stephanie Powell,Stephanie Powell,Stephanie Powell,Good,6,85,10,55,10,25,10
Steppenwolf,,,Bad,19,95,100,85,100,100,100
Steve Trevor,Steve Trevor,Stephen Rockwell Trevor,Good,8,95,10,15,10,15,70
Stevie Hunter,Stephanie Hunter,Stephanie Hunter,Good,-,0,0,0,0,0,0
T-X,Cyberdyne Systems Series X Terminator,Cyberdyne Systems Series X Terminator,Bad,12,90,65,30,85,100,80
Stewie,Stewie Griffin,Stewart Gilligan Griffin,Neutral,11,100,0,5,10,100,70
Stick (MCU),Unknown,Unknown,Neutral,6,85,10,40,40,50,100
Stompa,,,Bad,20,95,100,85,100,100,95
Storm (FOX),Ororo Munroe,,Good,7,75,25,65,45,100,70
Storm Shadow,Tomisaburo Arashikage,,Bad,5,80,15,35,50,45,100
Superman (2006),Kal-El,Kal-El,Good,17,85,100,100,100,100,75
Storm,Ororo Munroe,Ororo Munroe,Good,8,90,10,45,30,90,75
Strange Visitor Superman,Kal-El,Clark Joseph Kent,Good,47,90,100,100,100,100,90
Strong Guy,Guido Carosella,Guido Carosella,Good,-,0,0,0,0,0,0
Sunspot,Roberto DaCosta,Roberto DaCosta,Good,8,80,65,35,25,100,70
Super Adaptoid,,,Bad,12,100,65,60,65,100,70
Super Greg,Greg,Greg,Good,-,0,0,0,0,0,0
T-850,Cyberdyne Systems Series 850 Terminator,Cyberdyne Systems Series 850 Terminator,Bad,9,90,80,25,90,85,75
Superboy-Prime,Kal-El,Kal-El,Bad,19,95,100,100,100,100,85
Supergirl (Injustice),Kara Zor-El,Kara Zor-El,Good,20,90,100,100,100,100,95
Supergirl,Kara Zor-El,Kara Zor-El,Good,19,95,100,100,100,100,75
Superking,Bender,Bender Bending Rodriguez,Neutral,8,75,80,40,90,100,60
Superman (Post-Crisis),Kal-El,Clark Joseph Kent (Kal-El),Good,28,95,100,100,100,100,85
Superman (Smallville),Kal-El,,Good,21,95,100,100,100,100,85
Swamp Thing (New 52),Alec Holland,,Good,19,60,95,30,100,100,55
Swamp Thing,Alec Holland,Alec Holland,Bad,15,95,95,25,100,100,55
Swarm,Fritz von Meyer,Fritz von Meyer,Bad,8,90,20,50,90,40,35
Sylar,Gabriel Gray,Gabriel Gray,Bad,7,90,10,45,25,80,85
Symbiote Wolverine,Logan,James Logan Howlett,Neutral,16,60,70,75,100,100,100
Synch,Everett Thomas,Everett Thomas,Good,8,90,65,25,30,75,55
T-1000,Cyberdyne Systems Series 1000 Terminator,Cyberdyne Systems Series 1000 Terminator,Bad,10,90,35,35,100,100,75
T-800,Cyberdyne Systems Series 800 Terminator Model 101,Cyberdyne Systems Series 800 Terminator Model 101,Bad,7,90,35,15,60,75,65
Talia Al Ghul (CW),Talia Al Ghul,Talia Al Ghul,Bad,6,85,15,50,45,50,100
Taserface,,,,7,90,10,15,15,15,20
Taskmaster,Tony Masters,,Bad,7,90,10,50,20,65,100
Tempest,Angel Salvadore Bohusk,Angel Salvadore Bohusk,Good,4,70,10,45,30,65,60
Thanos,Thanos,Thanos,Bad,77,100,100,75,100,100,100
The Batman Of Zur-En-Arrh,Tlano,Tlano,Good,10,100,30,45,50,60,100
The Beyonder (Earth-1298),Beyonder,Beyonder,Good,∞,100,100,100,100,100,50
The Boy,Number Five,Five Hagreeves,Good,11,85,5,10,10,100,85
The Cape,Vince Faraday,Vince Faraday,Good,3,70,10,25,30,20,65
The Comedian,Edward Morgen Blake,Edward Morgen Blake,Neutral,5,80,15,15,10,10,80
The Crow,Eric Draven,Eric Draven,Good,26,75,30,50,100,100,100
The Executioner (MCU),Skurge,Skurge,Neutral,5,70,65,60,75,70,85
The False Mandarin,Trevor Slattery,,Bad,6,90,0,20,15,20,20
The Flash (CW),Jay Garrick,Jay Garrick,Good,20,85,30,100,70,100,65
The Flash,Barry Allen,Bartholomew Henry Allen,Good,16,95,50,100,60,100,60
The Golden Master,Overlord,Overlord,Bad,∞,100,100,100,100,100,100
The Goon,,,Neutral,4,65,30,45,55,60,65
The Grandmaster (MCU),En Dwi Gast,,,11,100,30,25,40,95,55
The Great Devourer,The Great Devourer,The Great Devourer,Bad,32,60,100,95,100,100,80
The Green Hornet,Britt Reid,Britt Reid,Good,6,85,45,30,45,50,85
The Keeper,Norrin Radd,Norrin Radd,Good,152,75,100,100,100,100,75
The Lobster,Lobster Johnson,,Good,19,100,15,50,50,100,100
The Lord Of Light,R'hllor,,Good,∞,100,100,100,100,100,100
The One Below All,Unknown,,Bad,∞,100,100,100,100,100,100
The One,,,,-,0,0,0,0,0,0
The Overlord (Garmadon),Overlord,Overlord,Bad,67,100,100,100,100,100,100
The Overlord,Overlord,,Bad,165,100,100,100,100,100,100
The Presence,Sergei Krylov,,,13,100,30,20,60,100,50
The Prince,Dastan,,Good,10,90,15,40,50,100,100
The Punisher (War Zone),Frank Castle,,Good,7,90,15,25,45,50,100
The Question,Renee Montoya,Renee Maria Montoya,Good,8,95,10,25,30,15,80
The Ray (CW),Ray Terrill,Raymond Terrill,Good,11,75,70,95,100,100,75
The Rhino (SONY),Aleksei Sytsevich,,,4,70,35,55,45,45,55
The Rival (CW),Edward Clariss,Edward Clariss,Bad,10,75,30,95,70,100,80
The Rumor,Allison Hargreeves,,Good,8,80,0,25,30,100,45
The Scarecrow (Gotham),Jonathan Crane,Jonathan Crane,Bad,7,90,10,35,30,40,80
The Shocker (MCU),Herman Schultz,,Bad,7,85,10,25,70,60,60
The Smiling Knight,,,Bad,4,75,10,40,40,15,95
The Thing (FOX),Ben Grimm,Benjamin Jacob Grimm,Good,6,70,80,50,90,65,95
The Thinker (CW),Clifford DeVoe,Clifford DeVoe,Bad,13,100,10,30,30,100,50
The Upgrade,Grey Trace,Grey Trace,Bad,12,100,30,60,75,100,100
The Wasp,Janet van Dyne,Janet Van Dyne,Good,6,80,15,60,50,30,40
Thinker,Clifford DeVoe,,,11,100,10,20,80,80,65
Thor Girl,Tarene,Tarene,Good,12,90,85,70,85,100,70
Thor (Odin Force),Thor Odinson,Thor Odinson,Good,83,85,100,100,100,100,100
Throg,Simon Walterson,Simon Walterson,Good,22,95,30,100,75,100,80
Thunderbird III,Neal Shaara,Neal Shaara,Good,-,0,0,0,0,10,0
Thunderbird,John Proudstar,John Proudstar,Good,4,75,30,25,30,15,70
Thunderstrike,Eric Kevin Masterson,Eric Kevin Masterson,Good,8,80,80,70,85,40,70
Tigra,Greer Grant Nelson,Greer Grant Nelson,Good,6,80,30,55,40,35,90
Tinkerer,Phineas Mason,Phineas Mason,Bad,9,100,10,25,15,10,15
Titan,,,Good,-,0,0,0,0,5,0
Toad (FOX),Mortimer Toynbee,Mortimer Toynbee,Bad,6,80,30,60,55,65,80
Toad,Mortimer Toynbee,Mortimer Toynbee,Neutral,5,75,35,60,55,70,30
Tobias Church (CW),Tobias Church,Tobias Church,Bad,6,85,15,30,45,35,90
Tobias Whale (CW),Tobias Whale,Tobias Whale,Bad,5,80,30,30,50,55,85
Tobirama Senju,Senju Tobirama,Senju Tobirama,Good,17,90,90,100,75,100,100
Tom Corsi,Thomas Corsi,Thomas Corsi,Good,-,0,0,0,0,0,0
Tomar-Re,Tomar-Re,,Good,21,95,55,100,75,100,85
Toxin,Eddie Brock,Edward Charles Allan Brock,Good,10,90,80,40,85,95,70
Toymaster,Hiro Okamura,,Good,10,100,10,20,50,60,40
Tracy Strauss,Tracy Strauss,Tracy Strauss,Good,-,0,0,0,0,5,0
Trickster (CW),James Jesse,James Jesse,Bad,9,100,10,15,20,30,35
Trickster II,Axel Walker,Axel Walker,Bad,9,100,10,15,15,50,100
Trickster,Giovanni Giuseppe,Giovanni Giuseppe,Neutral,7,90,10,65,25,50,65
Trigon,,,Bad,68,95,100,85,100,100,80
V,,,Neutral,7,90,15,50,55,50,95
Triplicate Girl,Luornu Durgo,Luornu Durgo,Good,6,80,10,25,40,45,40
Triton,Triton,,Good,6,80,65,50,65,35,55
True Form Oblivion,Oblivion,Oblivion,Neutral,∞,100,100,100,100,100,100
Tsunade,,,Good,15,100,95,50,70,100,100
Turbo II,Mike Jeffries,Mike Jeffries,Good,-,0,0,0,0,0,0
Two-Face,Harvey Dent,Harvey Dent,Bad,6,85,10,15,15,30,70
Vagabond,Priscilla Lyons,Priscilla Lyons,Good,-,0,0,0,0,0,0
Typhoid Mary (MCU),Mary Walker,Mary Walker,Neutral,7,90,15,40,35,45,100
Typhoid Mary,Mary Walker,,,6,80,30,45,60,75,65
Uatu the Guardian,,,Good,-,0,0,0,0,0,0
Ubu,Ubu,,Bad,5,80,20,30,20,15,65
Ultimo,Doomsday Device,,Bad,11,50,100,50,100,100,100
Ultragirl,Tsu-Zana,Tsu-Zana,Good,6,75,80,35,70,35,80
Valerie Cooper,Dr. Valerie Cooper,Dr. Valerie Cooper,Good,-,0,0,0,0,0,0
Ultron (Final Form),,,Bad,31,100,100,95,100,100,100
Unicron,Unicron,Unicron,Bad,146,100,100,100,100,100,65
Union Jack,Lord James Montgomery Falsworth,Lord James Montgomery Falsworth,Good,7,90,10,30,25,25,100
Ursa Major,Mikhail Ursus,,Good,6,85,50,55,55,50,50
Utgard-Loki,,,Bad,7,75,80,25,85,85,65
Valerie Hart,,,Good,-,0,0,0,0,5,0
Valkyrie (MCU),Brunnhilde,,Good,14,90,95,85,95,95,55
Valkyrie,Brunnhilde,Brunnhilde,Good,12,80,60,70,80,100,90
Vampire Batman,Bruce Wayne,Bruce Thomas Wayne,Good,23,100,40,50,50,100,100
Vandal Savage,Vander Adg,,,12,100,15,30,100,100,95
Vanisher,,,Bad,7,80,10,75,55,60,40
Vegeta,Vegeta IV,Prince Vegeta IV,Good,25,80,100,100,100,100,100
Venom 2099,Kron Stone,,Bad,9,90,40,40,65,100,75
Venom II,Angelo Fortunato,Angelo Fortunato,Bad,6,75,55,45,70,55,55
Venom III,MacDonald Gargan,MacDonald Gargan,Bad,8,80,75,35,90,75,55
Venom,Eddie Brock,Edward Charles Allan Brock,Bad,9,90,55,65,85,85,85
Venompool,Wade Wilson,,,23,85,55,65,100,100,100
Ventriloquist,Arnold Wesker,,Bad,6,85,10,15,15,20,25
Vergil,Vergil Sparda,,,16,90,75,95,90,100,100
Vibe (CW),Cisco Ramon,,Bad,10,100,10,45,40,80,65
Vibe,Cisco Ramon,Francisco Paco Ramon,Good,6,75,10,15,30,100,30
Vicki Vale,Vicki Vale,Victoria Vale,Good,5,80,5,15,10,5,10
Vigilante (CW),Vincent Sobel,Vincent Sobel,Good,7,85,15,45,60,70,90
Vigilante,Adrian Chase,Adrian Allen Chase,Neutral,6,85,10,30,50,35,90
Vili,Vili,Vili Borson,Good,14,100,55,70,85,100,100
Violator,,,Bad,49,75,100,100,100,100,65
Violet Parr,Violet Parr,Violet Parr,Good,6,80,10,15,50,80,15
Virman Vundabar,,,Bad,8,95,10,20,20,25,100
Vision II,Vision,Vision,Good,-,0,0,0,0,0,0
Vision,Vision,Vision,Good,13,100,70,55,95,100,70
Warbird,Carol Danvers,Carol Susan Jane Danvers,Good,-,0,0,0,0,0,0
Vixen (CW),Amaya Jiwe,Amaya Jiwe,Good,7,85,50,65,55,80,95
Vixen II (CW),Mari,Mari Jiwe McCabe,Good,8,80,50,70,60,100,80
Vixen,Mari McCabe,Mari Jiwe McCabe,Good,5,75,40,50,50,60,25
Volstagg (MCU),Volstagg,Volstagg,Good,6,70,60,55,80,75,85
Warlock,Adam Warlock,Adam Warlock,Good,11,95,65,80,95,70,95
Vulture (MCU),Adrian Toomes,,Bad,7,85,45,60,55,60,75
Vulture,Adrian Toomes,Adrian Toomes,Bad,6,90,20,40,25,25,30
Walrus,Hubert Carpent,Hubert Carpent,Bad,4,75,30,10,50,10,20
War Machine II,Parnell Jacobs,Parnell Jacobs,Good,-,0,0,0,0,0,0
War Machine,James Rhodes,James Rupert Rhodes,Good,12,80,80,65,100,100,85
Wild Dog,Jack Wheeler,,Good,6,85,10,25,20,20,95
Warp,Emil LaSalle,Emil LaSalle,Bad,5,70,10,25,30,85,50
Warpath,James Proudstar,James Proudstar,Good,5,70,70,45,70,25,85
Watcher,Uatu,Uatu,Good,20,100,80,65,90,100,55
Weapon Hex,Laura Kinney,,,-,0,0,0,0,0,0
Weather Wizard (CW),Mark Mardon,Mark Mardon,Bad,6,80,15,55,30,70,70
Wendigo,Wendigo,,,6,65,80,75,75,90,70
Wesker,Albert Wesker,Dr. Albert Wesker,Bad,21,100,50,50,50,100,100
White Canary (CW),Sara Lance,,Good,11,100,20,100,50,55,100
White Canary,,,Bad,5,80,5,35,15,50,90
White Rabbit,Dr. Lorina Dodson,,Bad,8,90,10,35,30,55,100
White Wolf (MCU),James Buchanan Barnes,James Buchanan Barnes,Good,6,80,50,60,60,70,100
Wild Dog (CW),Rene Ramirez,Rene Ramirez,Good,5,80,15,35,45,40,90
Wildfire,Drake Burroughs,Drake Burroughs,Good,7,75,30,25,100,75,40
Will Solace,Will Solace,William Solace,Good,7,80,65,60,50,75,75
William Stryker (FOX),"William Stryker, Jr.","William Stryker, Jr.",Bad,9,100,15,15,25,20,70
Willie Lumpkin,William Lumpkin,William Lumpkin,Good,-,0,0,0,0,0,0
Yellow Claw,,,Bad,-,0,0,0,0,0,0
Winter Soldier,Bucky Barnes,James Buchanan Barnes,Good,6,80,30,35,65,60,85
Witch King,Witch-King of Angmar,,Bad,12,65,20,65,90,100,100
Witchblade,Sara Pezzini,,Good,10,85,40,40,90,100,90
Wiz Kid,Takashi Matsuya,Takashi Matsuya,Good,-,0,0,0,0,0,0
Wizard,Bentley Wittman,Bentley Wittman,Bad,11,100,10,30,30,95,25
Yellowjacket II,Rita DeMara,Rita DeMara,Good,4,75,10,35,30,30,30
Wolfsbane,Rahne Sinclair,Rahne Sinclair,Good,4,70,15,35,40,25,40
Wolverine (EMH),James Howlett,James Logan Howlett,Good,7,85,30,50,100,45,100
Wolverine,Logan,James Howlett,Good,10,80,40,40,75,100,85
Wonder Girl (Titans),Donna Troy,Donna Troy,Good,15,100,95,65,65,70,100
Yellowjacket III,Darren Cross,Darren Cross,Bad,-,0,0,0,0,0,0
Wonder Girl,Diana Prince,Cassandra Cassie Elizabeth Sandsmark,Good,18,95,100,75,100,100,100
Wonder Man,Simon Williams,Simon Williams,Good,13,90,100,55,90,65,65
Wonder Woman (GAM),Bekka,,Neutral,19,100,100,70,65,100,100
Wonder Woman (Kingdom Come),Diana Of Themyscira,,Good,23,95,100,80,100,100,100
Wonder Woman,Diana Prince,Diana of Themyscira,Good,17,95,100,80,100,100,100
Wong (MCU),Wong,,Good,7,70,60,40,45,100,70
Wong,Wong,Wong,Good,-,0,0,0,0,0,0
World Breaker Hulk,Bruce Banner,Robert Bruce Banner,Good,37,85,100,85,100,100,85
Wotan,Karel Wotan,,Bad,28,85,15,20,65,100,60
Wu,Wu,Wu,Good,18,100,70,55,70,100,100
Wyatt Wingfoot,Wyatt Wingfoot,Wyatt Wingfoot,Good,2,60,10,10,0,0,55
X-23 (FOX),Laura Kinney,,Good,9,90,65,70,85,85,80
X-23,Laura Kinney,Laura Kinney,Good,8,90,25,40,100,55,95
X-Man,Nate Grey,Nate Grey,Good,13,95,55,55,95,100,85
XS (CW),Nora West-Allen,,,19,90,55,100,60,100,65
Yang,Yang Xiao Long,Yang Xiao Long,Good,15,70,100,100,95,100,100
YellowJacket (MCU),Darren Cross,Darren Cross,Bad,10,95,35,60,70,70,70
Yellowjacket,Hank Pym,Henry Jonathan Pym,Good,8,95,10,10,30,10,15
Yo-yo (MCU),Elena Rodriguez,Elena Rodriguez,Good,7,80,35,100,40,60,90
Yoda,Yoda,Yoda,Good,13,95,50,35,25,100,90
Yondu (MCU),Yondu,,,7,85,25,40,40,60,80
Yondu,Yondu Udonta,,Neutral,5,75,15,30,50,60,80
Yukio (FOX),Yukio,Yukio,Good,5,80,10,50,30,45,100
Yukio,Yukio (full name unrevealed),Yukio (full name unrevealed),Good,-,0,0,0,0,0,0
Zatanna,Zatanna Zatara,Zatanna Zatara,Good,10,90,10,25,30,100,55
Zero,DWN-∞: Zero,DWN-∞: Zero,Good,18,80,100,100,100,100,80
Zoom (New 52),Hunter Zolomon,,Bad,20,95,50,100,75,100,80
Zoom,Hunter Zolomon,Hunter Zolomon,Bad,9,75,10,100,30,100,30
Zzzax,,,Bad,5,45,80,75,95,80,50
